0,1,2
7288.97106,0.00001,0.0
13135.72290,0.00002,1112.283
14949.81090,0.00008,2827.265
14931.21888,0.00006,2572.680
28670#,2000#,-2270#
24620,100,1720
2424.91587,0.00015,7073.916
25320,210,1150
32890,90,1336
11231,20,5512
11680,50,5266
37140#,2000#,20#
41880,250,960
17592.10,0.05,4878.520
14086.8804,0.0014,5332.331
18375,5,4487.2
47320#,2000#,-470#
49140#,1000#,940#
26073,8,4123.1
14907.105,0.004,5606.440
15769.00,0.07,5371.549
27677,25,3559
31609.68,0.09,3924.521
20945.80,0.05,5159.712
4941.67,0.04,7062.436
22921.6,1.0,4717.16
35064,18,3101.5
40940,50,3349
24954.91,0.19,5037.769
11348.45,0.08,6462.669
12416.5,0.9,6257.07
28911.0,2.1,4337.42
49200,90,2995
33053,13,4531.4
12607.49,0.08,6497.631
12050.611,0.015,6475.083
15698.67,0.07,6032.043
38800,400,3640
40728.3,0.6,4155.38
20177.17,0.24,5952.540
8667.708,0.012,6927.732
10649.40,0.06,6676.456
24366,5,5358.4
47740,60,3162
49010,30,3791.6
25077.8,1.9,5720.72
13369.4,1.3,6631.22
0.0,0.0,7680.145
17338.1,1.0,6170.11
32013,12,4882.0
56980,70,3508
33659,10,5241.4
16561.9,1.0,6496.42
3125.00933,0.00023,7469.850
5345.48,0.27,7238.863
23115,10,5811.8
42030#,500#,4300#
39950,130,4994
23664,21,6101.6
3019.893,0.004,7520.320
2863.41683,0.00022,7475.615
8007.781,0.025,7052.278
31960,40,5285.2
49830,170,4541
28957,21,5880.0
9873.1,0.8,7100.17
101.4381,0.0006,7699.460
2855.6,0.5,7463.69
16567,14,6497.5
40220,70,4869
57450,170,4285
37112,25,5507.4
13694,4,6922.05
5683.9,2.3,7373.80
-4737.00217,0.00030,7976.207
10675,5,6964.0
23987,20,6083.2
43720,200,5270
21032,17,6558.0
7870,15,7286.2
-808.7642,0.0006,7750.729
1951.70,0.25,7542.328
16500.5,0.4,6640.499
34720,60,5523
51790,200,4977
24920,30,6426.1
13113,19,7038.6
-782.8163,0.0006,7767.098
873.1,0.5,7631.638
5317.6,0.4,7341.258
25040,90,6202
59770,530,4720
32410,100,6118
15856,16,6948.5
3332.9,2.6,7566.50
-1487.4451,0.0008,7779.019
1752.05,0.16,7567.343
12929,11,6937.9
31840,60,5901
69400,550,4406
37500,230,5961
21770,80,6709
3796.2,0.9,7568.57
-17.463,0.030,7720.135
-7041.9322,0.0015,8032.241
6850.5,1.1,7298.50
17477.7,1.9,6728.03
78380,560,4153
45640#,600#,5674#
25230,130,6609
8062,12,7389.4
-47.6,1.8,7738.29
-5731.78,0.04,7971.714
-2184.86,0.04,7765.558
10903.9,0.8,7105.03
27090#,600#,6297#
53610,230,5421
31760,210,6379
9280,60,7364.9
2793,12,7624.3
-8024.716,0.018,8080.466
-5181.39,0.13,7915.662
-399.99,0.16,7662.765
18200#,400#,6782#
33640#,500#,6044#
64170#,1000#,5080#
36720,420,6237
14620,120,7163
3290,30,7622.3
-5154.05,0.10,7955.256
-9529.8535,0.0018,8111.494
-5473.67,0.03,7901.123
6748.1,0.3,7335.728
23950#,500#,6554#
46940#,400#,5887#
18500,160,7040
7540,100,7464
-5951.6,0.5,7993.325
-8417.901,0.017,8063.488
-13933.578,0.013,8260.710
-48.81,0.23,7649.581
10745,19,7167.2
34020#,500#,6165#
55980#,500#,5613#
27330,170,6728
11330,100,7336
-2036,29,7839.8
-9357.8,1.2,8101.40
-13192.78,0.05,8223.503
-8915.97,0.06,8021.137
3827,10,7480.1
20190#,400#,6794#
34660,160,6497
18670,110,7082
481,18,7751.9
-6861,4,8004.20
-16214.544,0.029,8333.871
-12210.14,0.07,8149.765
-7141.00,0.11,7924.708
10970#,200#,7198#
27680#,600#,6525#
44670#,500#,6185#
25130,120,6880
7050,90,7520
-5518,4,7956.95
-14586.59,0.05,8263.853
-17196.86,0.05,8331.553
-12384.51,0.11,8124.342
-659,9,7661.1
17490#,400#,6960#
52080#,700#,5988#
33400,120,6627
11300,130,7388
-988,10,7799.3
-15019.95,0.26,8272.453
-16850.72,0.05,8309.897
-21492.7971,0.0005,8447.744
-7147.9,1.1,7907.48
4070,160,7479
28270#,500#,6587#
40150,530,6444
18400,150,7167
2680,7,7682.15
-10612.4,0.3,8113.532
-18207.8,0.3,8348.465
-21895.0815,0.0006,8448.636
-16952.8,0.4,8251.237
-3094,13,7746.4
14020#,190#,7129#
37970#,440#,6276#
48960#,500#,6205#
23280,250,7035
8475,5,7501.97
-8881.4,1.3,8054.43
-15864.1,1.9,8261.10
-24432.962,0.022,8520.655
-20200.86,0.07,8353.506
-14059.25,0.21,8122.708
4675,24,7472.2
22070#,180#,6866#
56840#,540#,6011#
31180,270,6813
12246,14,7398.7
-3122,3,7869.19
-14950.7,2.2,8225.52
-22949.04,0.04,8458.292
-24440.5444,0.0007,8481.168
-19042.53,0.23,8281.801
-7035,3,7869.21
11330#,200#,7252#
34260#,300#,6487#
37000#,500#,6671#
18640,40,7219.9
-829,3,7803.84
-11099,7,8100.34
-24077.69,0.30,8481.469
-24304.88,0.04,8464.120
-26015.5371,0.0013,8493.130
-13334.7,0.6,8072.406
-2200.4,1.8,7700.01
21990#,400#,6920#
46130#,600#,6436#
23780,450,7090
4962.9,2.7,7636.44
-8497,7,8020.62
-20514.3,0.7,8361.060
-26337.4,1.1,8513.81
-26585.8583,0.0013,8497.630
-21003.3,0.4,8304.756
-9384.3,0.4,7928.956
7540#,200#,7392#
31030#,400#,6657#
52840#,510#,6287#
31680,600,6886
8323,7,7550.39
-2997.6,2.1,7860.35
-19991.7,0.8,8337.166
-24548.7,0.8,8448.186
-29931.69,0.04,8583.499
-24440.09,0.05,8398.971
-18378.29,0.08,8197.672
-1220#,200#,7670#
14890#,300#,7173#
37830#,670#,6745#
15640,270,7356
-224,7,7787.12
-14390,40,8169.6
-24857.8,1.9,8446.25
-28846.21,0.04,8537.851
-29013.53,0.04,8520.279
-23047.3,0.7,8327.462
-11172.9,0.5,7965.841
5190#,200#,7476#
27100#,400#,6828#
45900#,690#,6557#
20380,690,7244
5950,150,7624
-12440,70,8112.5
-20251,13,8307.9
-30664.14,0.19,8575.390
-29522.01,0.04,8521.932
-30231.542,0.027,8519.910
-17417.2,0.3,8142.223
-6450,40,7815.9
16150#,300#,7166#
53130#,690#,6403#
28210,700,7055
9810,180,7531
-6570,110,7953
-19000,40,8267.6
-26896.43,0.20,8459.936
-31761.55,0.05,8570.282
-30947.68,0.21,8527.141
-24800.20,0.09,8339.848
-13136.1,0.6,8003.457
3780#,300#,7525#
25170#,400#,6926#
61910#,720#,6216#
34070#,500#,6928#
16470#,150#,7370#
-4170,100,7892.8
-14620,70,8147.3
-26861,7,8448.78
-29798.12,0.10,8505.482
-34714.83,0.19,8614.281
-28800.76,0.20,8438.059
-22058.50,0.19,8240.043
-4250#,200#,7751#
11370#,300#,7319#
69980#,740#,6056#
42780#,510#,6734#
21490#,300#,7260#
2320,140,7731
-12770,110,8098.0
-23160,50,8344.3
-29800.2,1.7,8494.40
-33242,5,8562.60
-33807.195,0.005,8557.026
-27282.7,0.6,8369.671
-14173,24,8013.5
2500#,200#,7566#
22570#,400#,7031#
49550#,500#,6598#
28820#,300#,7097#
5670,120,7656
-8140,80,7981.4
-22838,4,8329.33
-27560,30,8427.8
-35039.9000,0.0022,8595.259
-33535.50,0.06,8538.091
-34846.402,0.020,8551.305
-20523.4,2.8,8173.67
-8990,70,7865.9
12470#,300#,7310#
58100#,500#,6425#
34590#,400#,6980#
13200#,300#,7482#
-4980,120,7906.6
-19009,4,8229.64
-27310,70,8413.0
-33067.5,0.3,8534.373
-35559.549,0.004,8576.073
-35137.91,0.14,8546.708
-28642.36,0.08,8369.198
-15698,28,8034.4
310#,200#,7625#
20410#,400#,7116#
41990#,500#,6829#
16840#,300#,7410#
1090,100,7765.9
-17637.7,2.8,8193.23
-24830,60,8345.9
-34423,6,8555.61
-35022.03,0.11,8551.257
-38547.29,0.15,8616.565
-32121.00,0.15,8444.930
-25104.35,0.27,8259.240
-7620#,200#,7824#
7060#,300#,7456#
48270#,600#,6712#
24330#,400#,7251#
5040#,300#,7681#
-12195,5,8063.83
-24160,60,8323.9
-32010,5,8488.24
-36575.4,0.4,8576.220
-38408.87,0.23,8600.665
-36188.1,1.9,8530.83
-29316,6,8352.81
-17920,40,8069.5
-1970#,200#,7680#
17370#,400#,7213#
29310#,500#,7156#
11110#,400#,7552#
-9204,5,7996.02
-20480,90,8234.5
-32673.3,1.6,8493.84
-35781.5,0.4,8546.702
-41468.7,0.3,8658.177
-37816.0,1.8,8557.38
-37548.6,0.7,8533.522
-23808,7,8203.46
-13420,50,7949.6
7460#,300#,7457#
37090#,600#,7004#
15960#,500#,7456#
-3340#,300#,7867#
-18260,140,8182
-29770.8,0.5,8419.953
-36615.6,0.5,8554.675
-40812.2,0.4,8630.547
-41072.3,0.7,8618.941
-39010.3,0.8,8555.732
-31886.4,0.9,8380.039
-19510,40,8087.7
-4980#,300#,7747#
14410#,280#,7299#
22840#,500#,7320#
640#,400#,7785#
-13730,100,8080.8
-29771.3,2.3,8412.38
-35413.9,0.7,8518.043
-43139.6,2.2,8668.98
-41761.6,0.7,8622.021
-44128.27,0.09,8656.462
-37075.90,0.13,8486.142
-29472,11,8303.82
-12420,90,7916.1
1210#,300#,7603#
28810#,600#,7209#
7200#,400#,7652#
-9580#,200#,7992#
-25367.3,1.2,8311.425
-35712.0,1.4,8514.880
-42344.7,2.2,8639.35
-44336.8,1.9,8665.10
-44937.61,0.08,8661.233
-42007.07,0.11,8582.235
-34563,5,8407.21
-22570,30,8135.3
-7130#,500#,7790#
10620#,600#,7396#
12390#,500#,7552#
-4280#,500#,7883#
-22355,17,8243.7
-32284.5,0.8,8434.232
-44224.868,0.018,8666.692
-44504,5,8656.21
-48492.95,0.07,8723.012
-44478.0,1.0,8623.069
-42821,7,8572.26
-29297,7,8274.19
-18010,90,8022.7
1730#,500#,7595#
18180#,420#,7236#
20390#,580#,7400#
740#,400#,7785#
-17060#,400#,8132#
-29611.5,0.8,8372.275
-41300.00,0.18,8594.850
-46562.4,2.3,8686.28
-48564.01,0.08,8711.163
-47962.2,0.8,8682.913
-45332.4,2.2,8613.28
-37619.9,2.2,8439.92
-24751,24,8161.3
-9780#,500#,7840#
8530#,600#,7450#
7700#,400#,7651#
-13230#,500#,8054#
-25728,8,8288.58
-39589.2,1.6,8550.16
-44537.1,2.5,8633.47
-51431.87,0.08,8755.723
-49223.24,0.09,8695.903
-50261.36,0.09,8701.019
-42626.89,0.12,8532.682
-34476,8,8354.03
-17590,130,8000.6
-3460#,500#,7702#
14290#,700#,7530#
-6490#,400#,7922#
-22515,13,8221.33
-36332.3,0.5,8476.914
-43250.4,2.5,8597.22
-49733.0,0.5,8708.991
-52203.11,0.10,8742.085
-51450.71,0.17,8711.992
-48243.2,0.3,8633.760
-40189.2,1.4,8460.498
-27340,50,8193.3
-11650#,500#,7870#
22360#,700#,7386#
-1380#,600#,7827#
-17140,30,8115.0
-34266.3,0.7,8429.382
-40524,3,8534.67
-49477.7,2.7,8691.82
-51443.03,0.16,8714.569
-55419.51,0.11,8775.995
-50711.39,0.13,8670.409
-48332.10,0.18,8609.608
-34344,5,8325.56
-22560,80,8083.9
-1880#,600#,7671#
6790#,700#,7677#
-12300,110,8022.8
-29390,40,8330.6
-38770,18,8492.8
-46881.4,2.9,8631.13
-51852,3,8710.14
-55287.62,0.12,8760.210
-54690.3,0.3,8734.180
-50947.5,1.7,8648.80
-42659.4,1.7,8477.66
-29631,25,8217.1
-13140#,500#,7891#
12560#,800#,7578#
-5150#,400#,7891#
-25160,50,8247.5
-34438,14,8404.81
-45744,16,8599.69
-49898,11,8662.14
-56935.38,0.13,8777.967
-55558.2,1.0,8737.977
-56254.6,0.3,8736.385
-48010.1,0.4,8569.220
-39278,5,8393.03
-21240#,400#,8045#
-5700#,220#,7742#
470#,500#,7792#
-18650,160,8125.9
-30840,60,8333.4
-41832,29,8519.0
-49125,27,8637.3
-55110.32,0.23,8731.936
-57712.54,0.26,8765.025
-57481.4,0.3,8746.598
-54030.0,0.4,8669.620
-45336.0,0.7,8497.323
-31640,160,8234.0
-14270#,400#,7904#
7980#,600#,7663#
-13510,250,8033
-25520,260,8234
-39420,100,8467.9
-46180,180,8575
-55285.1,0.6,8723.261
-56911.67,0.29,8738.336
-60607.16,0.27,8790.356
-56040.5,0.5,8694.839
-53907.6,0.4,8642.781
-38630,6,8355.99
-25390#,400#,8106#
-3840#,500#,7707#
14130#,600#,7563#
-6560#,400#,7912#
-21380,180,8158
-34400,210,8373
-44440,80,8535.2
-52525.0,1.9,8663.40
-57486.3,1.5,8736.715
-60182.02,0.27,8770.283
-59345.7,0.5,8741.885
-56084.0,0.6,8670.936
-47309.0,0.5,8503.265
-32550#,200#,8231#
-15410#,400#,7916#
21930#,700#,7437#
-1530#,500#,7828#
-15480,190,8055
-30920,180,8308
-40430,100,8458.2
-51991.8,3.0,8644.00
-55827.6,2.7,8696.64
-62155.3,0.3,8792.253
-59847.3,1.2,8738.972
-60228.9,0.3,8732.062
-51667.9,0.6,8570.970
-42300,50,8395.9
-23540#,300#,8059#
-7580#,500#,7770#
28750#,800#,7332#
5810#,600#,7708#
-10830,250,7976
-25880#,300#,8218#
-37610,140,8403.8
-48115.9,0.7,8568.599
-55525.3,2.3,8680.92
-60665.0,0.3,8754.775
-62229.8,0.4,8768.038
-61156.8,0.4,8736.591
-56358.5,0.5,8642.003
-47215.7,0.8,8473.780
-33760#,170#,8232#
-16370#,400#,7924#
11000#,700#,7627#
-4550#,500#,7873#
-22100,240,8153
-33090,180,8323
-46908.5,1.1,8540.188
-52967.9,2.3,8628.14
-61413,3,8755.85
-61650.4,0.4,8746.769
-64473.2,0.4,8780.777
-58345.3,1.6,8665.605
-54174.5,0.5,8583.052
-39590#,200#,8327#
-27530#,300#,8113#
-5640#,400#,7735#
19010#,800#,7503#
500#,600#,7794#
-16370#,300#,8058#
-30180,230,8271
-42496.5,1.9,8460.17
-51742.1,2.3,8598.92
-58920.5,2.6,8703.77
-62898.2,0.8,8756.151
-64222.0,0.4,8765.028
-61984.1,1.0,8715.515
-56349,16,8610.31
-47130,40,8446.4
-33790#,300#,8215#
-17200#,300#,7930#
7310#,600#,7688#
-12200#,400#,7990#
-25210,260,8188
-40853,3,8427.39
-48524,7,8538.50
-58878.1,2.8,8692.88
-61424,19,8721.33
-66746.4,0.4,8794.556
-62787.5,0.6,8718.084
-61168.1,0.6,8679.345
-51987.0,0.6,8518.645
-42140#,140#,8347#
-24420#,300#,8049#
13070#,700#,7603#
-5860#,500#,7891#
-21740,340,8131
-36180,70,8347.5
-46887,4,8505.10
-55636,4,8631.55
-61852,19,8717.80
-65512.9,0.4,8763.495
-65579.9,0.4,8752.140
-62213.4,1.6,8686.287
-56547.1,1.3,8583.927
-46920,40,8418.7
-33500#,200#,8193#
-16850#,500#,7917#
-1480#,600#,7826#
-16320#,400#,8045#
-33640,300,8304
-42989,4,8437.42
-54970,5,8612.39
-59792,20,8675.5
-67099.0,0.5,8777.464
-65424.4,0.4,8739.074
-66004.0,0.6,8735.906
-58832.8,1.4,8611.632
-54316,4,8528.82
-39530#,200#,8286#
-26860#,500#,8075#
5210#,700#,7726#
-12110#,500#,7981#
-28310#,200#,8218#
-40967,4,8400.68
-51218,5,8546.35
-59185.2,2.1,8656.88
-65125.8,0.5,8736.242
-67263.7,0.6,8757.097
-65912.0,0.6,8724.266
-62657.5,0.8,8662.160
-56478.2,2.2,8555.06
-46940,80,8396.2
-33020#,300#,8170#
-16490#,500#,7904#
-6300#,500#,7894#
-25140#,300#,8168#
-36750,11,8331.80
-50068,4,8521.72
-56409,14,8605.94
-66006.3,1.4,8739.509
-66258.3,0.6,8731.473
-68899.2,0.7,8759.633
-63723.7,1.1,8669.363
-61607.0,2.4,8625.44
-52025,6,8468.40
-41660#,200#,8300#
-23570#,400#,8014#
-1740#,600#,7829#
-19270#,400#,8079#
-33580#,200#,8281#
-45708,4,8449.94
-55322,6,8581.74
-63742.7,2.9,8695.75
-67319.6,0.9,8737.460
-67880.4,0.8,8734.153
-66879.2,1.2,8707.533
-62674,4,8633.09
-56587.2,0.4,8530.569
-46580,70,8369.5
-32530#,300#,8148#
-15550#,420#,7883#
-15690#,500#,8026#
-28920#,300#,8209#
-43900#,190#,8418#
-51643,4,8520.13
-63463.8,3.0,8682.47
-65567.0,1.6,8701.891
-70007.2,0.8,8755.682
-67086.1,1.4,8701.219
-66978.8,1.9,8688.137
-58894.5,1.8,8557.746
-54189.4,0.5,8477.048
-38790#,260#,8239#
-25630#,500#,8034#
-9630#,500#,7939#
-25360#,400#,8155#
-39200#,200#,8345#
-50390,90,8495.4
-59979,4,8623.10
-65736.2,1.4,8695.204
-68417.9,0.8,8722.731
-69327.8,1.2,8724.580
-67100.7,1.3,8680.964
-63110,30,8611.8
-56434.7,1.5,8503.708
-46260,40,8344.9
-32140#,300#,8129#
-5640#,600#,7884#
-20450#,500#,8084#
-36890#,300#,8308#
-46525,11,8434.20
-59213.9,2.1,8604.29
-62976.4,1.1,8646.865
-69564.7,1.9,8729.809
-68910.2,1.2,8709.281
-70562.0,0.8,8721.703
-64334.0,1.4,8621.554
-61929.9,1.6,8576.034
-51426,15,8414.80
-41100#,200#,8256#
-16620#,500#,8030#
-31930#,400#,8235#
-44370,470,8399
-55406.2,2.2,8543.16
-62711.1,1.5,8635.023
-67328.8,2.7,8689.04
-70139.1,0.8,8717.605
-69906.7,0.8,8703.312
-67893,4,8663.94
-63146.5,2.8,8586.06
-56502,5,8481.46
-46330,130,8327.1
-32290#,400#,8118#
-11170#,600#,7955#
-29250#,500#,8195#
-40300#,300#,8338#
-54226.1,2.2,8520.21
-59783.0,1.4,8586.526
-68145.5,2.1,8691.805
-68588.3,0.8,8687.089
-72585.91,0.08,8731.746
-68230,4,8660.38
-67868.2,2.0,8644.490
-59061.8,1.0,8511.313
-53941,8,8429.32
-38330#,500#,8202#
-6700#,600#,7895#
-23990#,500#,8121#
-37970#,300#,8302#
-50108.2,2.4,8457.65
-58987.4,1.9,8568.570
-65593.4,1.9,8648.345
-69699.3,1.7,8693.874
-71297.53,0.06,8705.050
-70953,4,8689.61
-68227,7,8641.56
-63646,7,8568.08
-56552,7,8460.18
-46010,40,8305.1
-31950#,400#,8102#
-20660#,500#,8076#
-33540#,400#,8239#
-48700#,200#,8433#
-56006,6,8521.56
-65756.7,2.5,8642.75
-68049.6,3.0,8663.17
-73422.451,0.013,8725.201
-70860.1,1.7,8680.002
-72213.210,0.015,8687.716
-65288,6,8583.56
-62331.8,2.0,8533.039
-51916,3,8381.71
-40830#,100#,8221#
-14700#,600#,7996#
-30560#,400#,8197#
-44240#,200#,8369#
-54470.2,0.7,8495.080
-62558.9,2.0,8592.498
-68460.6,0.7,8660.756
-71856.97,0.05,8695.610
-73034.2,0.9,8700.875
-72169.49,0.07,8678.914
-69107,4,8627.65
-64324,8,8553.44
-57218.7,1.2,8448.276
-46620,220,8296.5
-31820#,300#,8089#
-10590#,600#,7943#
-25660#,500#,8131#
-42190#,300#,8338#
-50981.6,0.9,8443.602
-62303.0,1.5,8582.274
-66296.6,2.0,8624.527
-73212.898,0.018,8705.236
-72291.4,0.9,8682.817
-75251.959,0.016,8711.478
-70289,9,8635.88
-69014,4,8608.81
-60479.1,0.9,8486.216
-54250,30,8393.9
-38250#,300#,8173#
-21910#,600#,8082#
-37350#,400#,8272#
-48862.8,1.2,8411.250
-58789.2,2.0,8530.004
-65992.4,2.4,8613.39
-71212.87,0.05,8671.029
-73916.3,1.7,8695.979
-74599.50,0.06,8694.691
-73234.8,2.8,8666.81
-70169.5,2.0,8616.837
-64830.5,1.3,8537.340
-57803,8,8435.92
-46440#,200#,8278#
-31600#,400#,8075#
-15320#,700#,7997#
-34880#,400#,8238#
-44789,13,8354.67
-57483.2,1.9,8507.380
-63704.1,1.1,8577.104
-71862,4,8671.66
-72817,10,8673.88
-77025.95,0.18,8717.807
-73452,4,8661.96
-74178.3,0.3,8661.238
-66935,3,8558.35
-63174,7,8500.10
-52170#,300#,8349#
-40850#,400#,8194#
-28160#,500#,8150#
-42410,100,8320.9
-53432.3,2.2,8450.583
-62548.4,1.2,8556.072
-69530,40,8634.5
-73636,5,8676.62
-75917.47,0.22,8695.592
-76068.1,1.0,8687.596
-74442,3,8657.11
-70802.8,1.9,8601.140
-65480,7,8523.86
-57800,80,8416.8
-46770#,300#,8267#
-31650#,500#,8066#
-23240#,600#,8088#
-36680#,300#,8246#
-51648.6,2.6,8423.55
-59223.7,2.9,8508.45
-69535.3,2.1,8627.571
-72215,3,8651.28
-77759.5,0.9,8710.814
-75889.0,1.0,8677.654
-77893.5,0.7,8692.930
-72175.5,1.9,8611.676
-70311,3,8578.60
-61148,6,8454.28
-54760#,300#,8365#
-38420#,400#,8151#
-16090#,700#,8000#
-31910#,300#,8185#
-46200,5,8351.93
-57628,3,8483.36
-66291.7,2.1,8580.659
-72533.3,2.6,8648.06
-76389.0,1.0,8686.000
-77977.1,1.0,8695.947
-77696.2,1.1,8682.821
-75457,5,8645.51
-71528,3,8587.35
-65713,5,8505.90
-57520,90,8395.2
-46360#,400#,8248#
-31460#,500#,8054#
-10720#,800#,7935#
-25730#,400#,8108#
-42314,3,8301.12
-52930.7,2.4,8421.049
-65415.1,2.2,8563.757
-70105,4,8611.42
-77593.9,0.5,8693.197
-77498.7,1.0,8682.495
-80591.795,0.006,8710.675
-76188,3,8647.43
-76010,6,8635.72
-68064,5,8529.28
-63614.1,1.6,8465.467
-51810#,300#,8312#
-40370#,400#,8163#
-20390#,500#,8044#
-36290#,300#,8226#
-49257.1,2.6,8372.58
-60976.4,2.4,8504.346
-69669.3,2.8,8599.65
-75341,3,8658.56
-79014,4,8693.39
-79990.643,0.009,8695.730
-79070.6,2.3,8675.219
-76798,7,8638.41
-72206,19,8573.66
-65912,6,8488.40
-57610,160,8379.0
-46340#,400#,8234#
-31320#,500#,8043#
-13720#,500#,7965#
-31830#,400#,8171#
-44094,30,8307.5
-58148,3,8465.52
-65854,3,8547.94
-75947.7,2.0,8658.793
-77783,26,8671.3
-82439.345,0.004,8717.447
-79759.0,2.2,8676.224
-80649.6,1.2,8677.513
-73894,4,8587.78
-71422,5,8549.03
-61193.8,0.4,8417.956
-54170#,300#,8325#
-37700#,400#,8120#
-25100#,500#,8090#
-39740,40,8253.6
-53123,4,8401.77
-63189,3,8510.99
-72413.6,2.6,8610.30
-78575,3,8673.59
-81480.3,2.0,8698.563
-82167.341,0.005,8697.442
-81103.3,2.8,8675.72
-77842,19,8628.15
-73175,6,8564.04
-66280,4,8473.71
-57510,16,8361.33
-45850#,400#,8215#
-30630#,500#,8027#
-20060#,500#,8032#
-33760#,400#,8182#
-49400,440,8355
-58962,3,8456.72
-70503.2,2.5,8581.822
-75632,3,8632.37
-83265.676,0.004,8712.030
-82747.00,0.20,8696.901
-84523.100,0.005,8708.457
-79283,14,8638.43
-77969,4,8614.05
-69134,5,8502.22
-64110.9,2.9,8434.72
-51570#,300#,8280#
-39770#,400#,8133#
-28870#,500#,8124#
-43590#,300#,8285#
-55617.9,3.0,8413.85
-66426.1,2.2,8529.092
-73892,3,8605.91
-80709.53,0.25,8675.284
-84597.802,0.006,8710.984
-84880.076,0.005,8705.236
-83018.4,1.1,8674.845
-79347,4,8623.65
-73874,7,8551.76
-66884.8,2.9,8462.42
-57690,4,8347.74
-45730#,400#,8201#
-22390#,500#,8050#
-39520#,400#,8236#
-50450#,200#,8351#
-63884,3,8495.00
-70716,3,8563.75
-79691.3,2.6,8656.850
-82609.00,0.16,8681.115
-87921.629,0.006,8732.596
-84299.0,1.5,8682.540
-83629,5,8666.03
-76170,60,8572.4
-72687,4,8523.91
-61670,4,8389.83
-54340#,300#,8298#
-36860#,400#,8090#
-33040#,400#,8161#
-46530#,300#,8304#
-58992,4,8435.28
-68274,3,8530.78
-76535.8,2.1,8614.816
-81712,5,8664.19
-86209.03,0.09,8705.923
-87711.2,0.3,8714.011
-84878.0,2.8,8673.39
-80626,24,8616.82
-75015,4,8544.99
-67395,4,8450.58
-58369,24,8340.38
-45650#,360#,8189#
-28470#,500#,8109#
-40990#,400#,8240#
-55800,330,8396
-64000,3,8478.19
-74959.3,1.9,8591.260
-79366,6,8631.53
-85950.9,1.4,8696.004
-86496.9,0.4,8693.378
-88772.55,0.12,8709.970
-82662,3,8633.38
-80173,3,8597.03
-70724.7,1.0,8483.360
-64884,4,8409.77
-51630#,200#,8254#
-39710#,400#,8113#
-36500#,400#,8189#
-50580,430,8335
-61107,4,8441.92
-70974.0,2.2,8541.752
-77745,8,8607.56
-83652,5,8663.88
-86351.3,1.8,8684.942
-87895.59,0.09,8693.315
-86638.0,2.9,8670.90
-82209,6,8613.63
-75986.7,2.4,8536.656
-68239.8,2.2,8442.929
-58570#,300#,8328#
-46170#,420#,8183#
-30380#,500#,8121#
-46720#,400#,8290#
-56233,7,8384.91
-68769.3,2.7,8512.675
-74772,6,8569.42
-82867,3,8648.91
-84816,9,8661.59
-88459.02,0.09,8692.678
-86453.3,1.8,8662.373
-86808.59,0.16,8657.731
-78926,3,8563.54
-74301.2,2.7,8504.774
-62999,4,8373.42
-54780,350,8276
-37530#,400#,8080#
-40860#,400#,8225#
-52890,430,8346
-64136.0,2.5,8458.108
-72620,8,8540.92
-80086,8,8612.79
-84227,10,8648.91
-87122.0,0.5,8671.621
-87212.8,1.5,8664.185
-86807.08,0.18,8651.409
-83606.1,1.0,8608.578
-77216.7,2.1,8531.463
-69011.8,2.6,8434.826
-58980,370,8319
-46400#,400#,8175#
-36800#,500#,8180#
-47650#,200#,8287#
-61348,12,8424.33
-68562.8,2.0,8492.764
-78845.7,1.7,8593.834
-82351,6,8622.81
-87269.33,0.16,8666.802
-86369.1,1.5,8648.901
-88414.08,0.14,8662.334
-84158,4,8608.74
-82584,3,8583.66
-72908,3,8472.40
-66102,4,8391.68
-52400#,400#,8238#
-40440#,500#,8102#
-30460#,500#,8112#
-43850#,300#,8245#
-56159,19,8366.00
-65890,20,8460.20
-75117,6,8549.09
-81208,7,8604.96
-85659.9,0.9,8643.592
-86786.3,0.5,8647.213
-87711.87,0.12,8648.721
-86021,5,8622.69
-83458,10,8587.47
-78341,4,8525.37
-69966,3,8428.98
-59910#,400#,8315#
-47060#,570#,8171#
-38210#,300#,8184#
-53082,19,8330.87
-61354,3,8408.90
-72918,8,8521.20
-78330,6,8569.43
-85438.86,0.11,8635.328
-85602.83,0.15,8628.887
-88794.89,0.12,8653.988
-85822,5,8614.87
-86080.39,0.17,8609.413
-79688,10,8534.67
-76183,4,8490.02
-64510,90,8360.3
-55570#,410#,8259#
-38090#,500#,8069#
-34000#,400#,8140#
-47420,130,8269.9
-58519.1,1.9,8376.187
-68581,3,8471.85
-76115,7,8541.46
-82936.69,0.12,8603.718
-85603,4,8623.14
-87544.70,0.16,8635.093
-87224,4,8623.73
-86120.6,2.8,8604.280
-82600,40,8559.9
-77806,5,8502.43
-70904,12,8423.21
-60730,420,8310
-47390#,400#,8165#
-28050#,400#,8078#
-44120#,300#,8234#
-54369,16,8330.73
-66422,3,8445.74
-72289,8,8497.62
-81282,8,8581.40
-83525,5,8596.30
-88115.98,0.17,8635.169
-86432,3,8610.00
-88225,6,8620.31
-83175,12,8560.80
-81321,5,8533.90
-73070,30,8441.7
-67640,50,8378.3
-53910#,300#,8230#
-38400#,400#,8175#
-51121,4,8295.30
-62519,5,8402.52
-70644,7,8476.69
-77617,10,8539.23
-82335,12,8578.99
-85970.11,0.23,8607.798
-87327.9,0.9,8613.610
-87625.4,0.3,8608.713
-85585,19,8580.20
-82183,5,8537.93
-76712,6,8474.77
-69931.1,1.6,8398.373
-61380#,300#,8304#
-47980#,580#,8161#
-34470#,400#,8134#
-46266,13,8244.51
-59818,7,8372.20
-67321,11,8439.42
-76373,8,8522.11
-79791,8,8548.47
-86193.0,0.3,8604.663
-86021.0,1.4,8595.118
-89227.4,0.3,8619.359
-85591,18,8575.17
-85213,18,8563.57
-78138,5,8484.99
-74194.6,1.7,8437.737
-64178.1,2.2,8329.749
-57150,240,8251.6
-28580#,500#,8075#
-42567,20,8206.18
-55325,8,8324.74
-65055,7,8413.33
-73161,8,8485.84
-78891,4,8534.84
-83520.0,0.3,8572.916
-86345,24,8593.14
-87958.1,0.4,8601.366
-87412,6,8588.22
-85432,5,8560.86
-81334,5,8512.55
-75836.5,1.5,8450.366
-68545,12,8370.43
-60310,300,8281.1
-37250,80,8152.7
-52160,70,8291.2
-61173,4,8371.92
-71581,9,8466.29
-76298.3,2.5,8504.867
-83561,8,8568.40
-84573,9,8570.65
-89106.4,0.4,8607.428
-86783,6,8576.98
-87903.0,0.4,8580.289
-82247,8,8517.17
-79659.7,1.7,8484.132
-70695,5,8388.57
-64930,100,8324.4
-51100#,400#,8181#
-33160#,400#,8112#
-47280#,200#,8242#
-58457,11,8342.63
-67809,9,8425.83
-75029,4,8488.33
-80954,9,8538.27
-84604,10,8566.10
-87267.2,0.4,8584.366
-88031.7,2.3,8584.193
-87457.0,0.9,8571.017
-84803,4,8537.65
-80651.6,1.8,8489.755
-74632,9,8423.72
-67090#,100#,8343#
-56670#,300#,8234#
-27450#,500#,8057#
-43760#,300#,8206#
-54080#,200#,8298#
-65718,9,8402.32
-71811.0,1.8,8453.383
-80344,9,8527.91
-82499,25,8541.11
-88095.8,2.5,8587.400
-86959.3,2.3,8568.950
-89395.1,1.3,8584.848
-85116,4,8536.18
-83968.4,1.7,8517.623
-76183,6,8435.24
-71627,6,8383.91
-59300#,100#,8258#
-49630,320,8157
-38190#,500#,8152#
-50570#,400#,8262#
-61458,12,8358.60
-69916,4,8431.69
-77331,9,8494.86
-82290,40,8534.6
-85934.5,2.5,8561.902
-87851.3,2.5,8572.705
-88417.9,1.1,8570.651
-87071,5,8550.37
-84333.8,1.4,8516.853
-79641,10,8464.70
-73338,4,8397.23
-64015,22,8300.99
-52810,300,8186.8
-34300#,600#,8114#
-45790#,500#,8215#
-58750#,200#,8330#
-66202.7,1.4,8393.266
-76128,9,8479.52
-79776,12,8506.56
-86323,5,8560.94
-86363,5,8553.93
-89907.5,1.1,8579.993
-86942,3,8544.640
-87132.2,1.1,8539.049
-80608,12,8470.12
-77354,5,8432.04
-66473,7,8322.01
-58220,100,8236.8
-43300#,400#,8089#
-28250#,700#,8057#
-41970#,500#,8178#
-54020#,300#,8284#
-63724,8,8367.09
-72545,9,8442.22
-78750,9,8492.90
-83863,9,8533.37
-86864,12,8554.10
-88372.7,1.2,8560.895
-88406.7,2.4,8553.901
-86990.3,1.7,8533.352
-83567,10,8494.04
-78512,5,8439.49
-70653,4,8358.73
-60660#,100#,8258#
-49430#,300#,8146#
-36780#,600#,8129#
-50950#,400#,8253#
-59545,8,8325.66
-70749,9,8422.16
-75923,9,8462.82
-83661,9,8527.23
-85031,14,8532.67
-89524.2,1.1,8567.024
-87606.8,2.4,8542.026
-89252.4,1.1,8550.020
-84120,9,8495.25
-82070,5,8469.03
-72445,5,8372.67
-65782,5,8303.72
-52770#,100#,8176#
-42630,380,8075
-32480#,700#,8089#
-45730#,500#,8204#
-56690,430,8297
-66659,11,8381.42
-74283,10,8444.18
-80738,9,8496.23
-84999,4,8528.14
-87606.5,1.1,8544.882
-88719.4,1.3,8547.916
-88504.3,1.5,8538.765
-86490,4,8513.10
-82630,8,8470.52
-76251,5,8404.82
-67715,4,8319.33
-57673,7,8220.02
-46170,300,8107.3
-42220#,500#,8171#
-52310,840,8255
-64536,24,8359.29
-71035,9,8411.26
-80073,9,8486.31
-82829,18,8504.26
-88330.9,0.6,8547.163
-87457.3,1.3,8532.109
-90348.0,0.4,8551.275
-86470,12,8508.91
-85842,14,8496.09
-77450,6,8412.68
-72230,7,8358.12
-60470,60,8244.1
-51920,100,8159.3
-36480#,600#,8118#
-48960#,300#,8223#
-59940,13,8315.29
-69025,11,8390.09
-76785,10,8452.96
-82304,7,8495.63
-85985.9,0.7,8521.750
-88215.4,1.5,8534.788
-89252.2,0.4,8537.080
-88392,3,8522.28
-85939,5,8493.13
-80837,9,8440.12
-73587,6,8367.76
-64954,5,8282.93
-54520#,120#,8182#
-42900#,200#,8070#
-32420#,700#,8081#
-44070#,300#,8178#
-57480#,200#,8291#
-65259,6,8353.62
-75631,10,8439.24
-79730,40,8468.9
-86321,7,8520.72
-86583.7,2.4,8516.081
-90574.86,0.25,8544.731
-87990,4,8514.67
-88655.05,0.29,8513.619
-81599,18,8443.63
-77568,8,8400.65
-67063,10,8299.88
-60026,8,8230.06
-46420#,120#,8102#
-26340#,300#,8027#
-40210#,400#,8143#
-52650#,300#,8246#
-62812,3,8329.465
-71870,40,8402.7
-78767,7,8456.82
-83590,7,8492.58
-87027,17,8516.07
-89043.29,0.24,8526.987
-89367.12,0.19,8522.930
-88328.1,1.6,8506.812
-84417,17,8465.28
-78347,28,8404.64
-71120,8,8333.75
-62204,7,8247.93
-51765,9,8148.62
-39710#,300#,8035#
-34960#,500#,8097#
-49680#,300#,8219#
-58600,430,8290
-70221,4,8385.34
-75710,70,8426.6
-83490,7,8488.01
-84931,5,8493.78
-90014.93,0.28,8531.513
-88569.8,0.3,8511.974
-90559.735,0.029,8522.567
-84497,20,8462.52
-81890,24,8432.79
-72639,20,8344.78
-67086,11,8289.21
-54690,90,8173.6
-45910,100,8089.7
-30880#,500#,8061#
-44550#,400#,8173#
-55800#,200#,8264#
-66105,25,8346.81
-74229,7,8410.65
-80426,14,8457.73
-84983,18,8490.56
-88084.5,0.7,8510.725
-89536.357,0.012,8516.547
-90033.846,0.015,8514.070
-87003,16,8480.92
-82063,28,8431.15
-76338,29,8374.57
-68657,12,8300.97
-59700#,100#,8216#
-48920#,200#,8116#
-25230#,300#,8012#
-41210#,500#,8143#
-51210#,300#,8223#
-64069,4,8326.88
-70740,70,8377.6
-79831,7,8449.28
-82543,3,8465.907
-88712.49,0.16,8512.351
-88249.76,0.22,8501.618
-91525.98,0.10,8523.117
-86822,5,8475.82
-85264,24,8455.64
-77420,80,8381.3
-73047,13,8336.84
-62040#,100#,8235#
-54380#,200#,8162#
-40050#,320#,8032#
-35690#,500#,8096#
-48140#,400#,8195#
-59490,430,8286
-68897,9,8359.28
-76424,7,8416.92
-82182,14,8459.45
-86418.4,1.0,8488.974
-88943,5,8503.87
-90397.7,0.5,8509.612
-88640,8,8487.90
-85096,13,8450.92
-80439,26,8404.43
-74185,10,8344.30
-66490,60,8271.9
-57460,250,8188.0
-46270#,200#,8086#
-32370#,500#,8067#
-43290#,400#,8153#
-57000#,200#,8263#
-64887,24,8322.85
-75388.4,2.5,8405.220
-79553.8,2.5,8433.890
-86702,20,8487.83
-87228,8,8485.67
-91652.8,0.5,8516.534
-87996,3,8478.916
-87691,18,8469.70
-80971,20,8406.12
-78079,10,8374.98
-68409,13,8286.41
-62200#,200#,8227#
-49620#,300#,8114#
-26580#,300#,8019#
-40170#,500#,8126#
-52080#,300#,8220#
-62823,9,8303.40
-71407,8,8368.96
-78646,15,8423.21
-83980,40,8461.4
-87699,7,8486.14
-90065.0,0.7,8499.449
-89476,7,8487.92
-87183,7,8462.08
-83778,22,8426.89
-78794,10,8378.44
-72305,14,8317.33
-64590,200,8245.9
-55020#,300#,8159#
-43820#,500#,8058#
-35000#,500#,8083#
-49720#,400#,8199#
-58620#,200#,8266#
-70279.6,2.3,8357.082
-75652,4,8395.33
-83957,4,8458.02
-85730,40,8466.3
-91097.7,0.9,8504.488
-88417,7,8475.63
-89362.2,1.8,8476.986
-83747,15,8423.67
-82172,12,8404.03
-73889,10,8328.48
-68890,300,8280.3
-57570#,300#,8179#
-49730#,500#,8108#
-31540#,500#,8054#
-44620#,400#,8156#
-56250,620,8245
-66182,3,8320.858
-74403,12,8382.33
-81073.8,1.9,8430.997
-85835,27,8463.88
-89196.6,1.0,8485.196
-89599.2,2.5,8482.057
-88543,26,8466.86
-86246,5,8441.41
-82481,10,8403.83
-77102,14,8352.92
-70740,140,8293.9
-62190#,300#,8217#
-52690#,400#,8132#
-41550#,500#,8033#
-26310#,300#,8011#
-41780#,500#,8132#
-51880#,300#,8208#
-64616,20,8305.98
-71110,40,8352.8
-80612.4,2.3,8424.267
-83570,50,8442.1
-89940.0,2.4,8487.897
-88334.2,2.5,8468.322
-90313.3,1.4,8478.131
-86079,5,8437.01
-85355,11,8424.66
-78140,30,8359.15
-74609,28,8323.76
-64540#,300#,8235#
-57870#,400#,8174#
-44780#,500#,8060#
-36550#,500#,8089#
-49190#,400#,8185#
-60430,790,8270
-69570,30,8337.97
-77414.2,2.7,8395.396
-83429,20,8437.94
-87814.7,2.5,8467.231
-89222.9,1.4,8472.320
-89171.0,1.4,8465.537
-87943,4,8449.190
-85248,10,8420.92
-81044,12,8380.38
-75655,12,8330.21
-68650#,200#,8267#
-60290#,300#,8193#
-50230#,400#,8104#
-33590#,600#,8065#
-44710#,400#,8148#
-58400#,300#,8252#
-66230,250,8308.9
-76699.4,2.6,8387.018
-80870,30,8414.32
-88231.5,1.3,8467.400
-87619.1,1.4,8456.152
-90524.1,1.4,8473.270
-87364.6,2.3,8441.481
-87667.4,1.4,8437.614
-81741,9,8383.51
-79090,12,8355.82
-70260,60,8278.3
-64920#,300#,8229#
-53150#,400#,8128#
-44830#,500#,8054#
-28370#,300#,8023#
-41830#,500#,8124#
-53960#,400#,8215#
-64520,430,8293
-73348.1,2.9,8357.682
-80412.3,1.8,8407.937
-85893.7,1.3,8445.529
-88255.1,2.5,8458.161
-89021.8,1.4,8458.036
-88836.0,1.4,8450.291
-87199.4,1.4,8430.939
-84090,8,8399.80
-79669,11,8358.18
-73759,26,8304.64
-66660#,200#,8242#
-58070#,300#,8167#
-48070#,400#,8080#
-37200#,500#,8087#
-51790#,400#,8197#
-60720#,200#,8261#
-72255.7,2.3,8346.739
-77809,4,8384.61
-86015,11,8443.52
-86390,30,8440.31
-90064.2,1.4,8463.240
-87910,4,8439.938
-89146.387,0.006,8443.538
-84351,10,8399.27
-82670,12,8379.72
-74970,90,8312.4
-70821,28,8273.26
-60320#,200#,8184#
-53380#,300#,8122#
-39750#,500#,8008#
-33730#,600#,8060#
-47220#,500#,8160#
-58650#,200#,8244#
-68741,6,8316.90
-76880,10,8374.82
-83470,9,8420.55
-86698,5,8439.81
-88280.5,1.4,8446.109
-88983,4,8445.482
-88321,4,8434.11
-86240,6,8411.56
-82818,11,8378.46
-77896,26,8333.54
-71979,29,8280.79
-64540#,200#,8216#
-55910#,300#,8142#
-45310#,400#,8052#
-27340#,300#,8010#
-44390#,500#,8137#
-54710#,300#,8211#
-67238,6,8303.24
-74190.1,1.3,8351.436
-83361,18,8416.97
-84630,19,8420.77
-88993.8,0.7,8448.754
-87738,4,8432.831
-89860.534,0.005,8443.301
-85932,5,8406.50
-85369.2,1.6,8395.988
-78630,50,8337.2
-75534,28,8306.93
-66331,30,8228.91
-60530#,200#,8177#
-48220#,300#,8075#
-39150#,500#,7998#
-37880#,600#,8086#
-51870#,400#,8188#
-63122,5,8269.53
-72834.9,2.0,8338.759
-80591,17,8392.82
-84629,21,8418.06
-87004.9,0.7,8430.410
-88507,3,8435.991
-88696.070,0.005,8431.390
-87499,5,8416.05
-85061,11,8391.08
-81324,21,8356.04
-76288,28,8310.94
-69774,30,8254.38
-62380#,200#,8191#
-53180#,300#,8114#
-42330#,500#,8023#
-32730#,300#,8046#
-45900#,420#,8142#
-61118,22,8252.59
-69906.5,1.8,8314.176
-80132.2,1.9,8386.817
-82286,14,8397.36
-87352.960,0.011,8430.325
-86936,3,8421.101
-89880.474,0.009,8437.731
-86900,8,8408.78
-87256.78,0.29,8405.513
-81627,26,8356.19
-79423,28,8333.22
-71180,60,8263.8
-66596,28,8222.51
-55470#,200#,8131#
-47700#,400#,8065#
-33510#,540#,7950#
-25740#,300#,7993#
-40750#,500#,8102#
-55212,19,8206.12
-68024.4,2.2,8297.954
-77265,4,8362.518
-81981.4,2.1,8392.553
-85211.02,0.06,8411.234
-87442.7,0.6,8422.298
-88413.575,0.005,8423.737
-88055.57,0.18,8415.032
-86679.0,0.4,8398.551
-83769,28,8370.37
-79710,30,8333.40
-74300,50,8286.1
-67768,28,8230.30
-59770#,200#,8163#
-50280#,400#,8085#
-39460#,400#,7996#
-34400#,500#,8053#
-50470,60,8169.1
-62410,60,8253.7
-76546.6,2.0,8354.873
-79635.3,2.5,8372.345
-85188,3,8408.486
-85704,4,8406.46
-89278.975,0.005,8427.623
-87152.7,1.0,8405.588
-88434.9,1.1,8409.375
-83720,40,8367.76
-82469,20,8352.32
-75227,29,8291.54
-71426,24,8256.81
-61630#,150#,8177#
-55140#,300#,8122#
-42200#,400#,8018#
-29080#,500#,8013#
-44140#,200#,8121#
-57690#,200#,8217#
-70873.9,1.9,8310.089
-78924,3,8364.730
-82937.1,2.1,8389.025
-85857,6,8405.10
-87643.6,2.4,8412.648
-88070.943,0.008,8409.979
-87553.5,1.0,8400.206
-85494,28,8378.84
-82418,16,8349.83
-77938,12,8310.26
-72330,50,8262.2
-65410,50,8204.3
-57230#,300#,8137#
-47240#,300#,8056#
-36060#,500#,7966#
-39460#,300#,8086#
-51970#,200#,8173#
-66434,3,8275.172
-74019,3,8325.940
-82533.8,2.7,8383.644
-84043,5,8389.07
-88125.834,0.006,8413.699
-86891.165,0.016,8398.647
-88950.00,0.25,8408.173
-85219,20,8374.49
-84833,20,8365.77
-78528,20,8312.88
-75646,12,8285.54
-66760,40,8213.4
-61380#,200#,8167#
-49800#,300#,8075#
-41530#,400#,8008#
-32820#,400#,8036#
-47110#,300#,8136#
-60632,3,8230.688
-69690.3,2.6,8291.989
-77728.8,1.7,8345.738
-83779.2,2.1,8384.761
-86413,4,8398.478
-87582.0,0.4,8401.339
-87850.65,0.25,8397.534
-86643,9,8382.80
-84616,10,8361.99
-80936,12,8328.93
-76214,19,8288.15
-70060,80,8236.8
-62860,150,8177.6
-54150#,200#,8107#
-44250#,400#,8028#
-33050#,400#,7939#
-40970#,300#,8091#
-56170#,200#,8197#
-64507,6,8252.25
-74425.3,2.3,8319.430
-79545,14,8351.32
-86429.170,0.007,8396.189
-86338.9,1.9,8389.772
-88887.08,0.24,8402.757
-86040,50,8376.1
-86508.5,0.3,8373.762
-81340,11,8330.01
-79199,12,8308.51
-71170,70,8243.7
-66811,12,8205.92
-56240#,200#,8122#
-49090#,300#,8064#
-35900#,500#,7961#
-35830#,400#,8053#
-50150#,300#,8152#
-60060,50,8218.5
-69303.8,2.1,8280.236
-76356,8,8326.00
-82383.41,0.10,8364.287
-86545.8,0.3,8388.958
-87721.40,0.25,8391.829
-87140.9,1.6,8381.881
-85918.8,0.4,8367.250
-83202,8,8341.71
-79584,12,8309.59
-74073,13,8263.65
-67992,29,8213.55
-60146,4,8150.57
-51210#,300#,8080#
-40970#,400#,7999#
-45510#,400#,8118#
-54650#,300#,8178#
-65696,4,8252.579
-71980,6,8292.45
-79972.2,2.8,8344.691
-82887,9,8360.14
-88261.81,0.25,8393.422
-86513.4,0.4,8375.083
-87565.9,0.5,8377.041
-83129,10,8339.22
-82017,12,8325.49
-74914,12,8268.36
-71498,12,8237.93
-61750,28,8161.62
-55660#,200#,8112#
-43600#,300#,8019#
-34930#,500#,7950#
-39310#,400#,8073#
-50050#,400#,8144#
-60205,4,8211.772
-68471,4,8265.610
-75644.6,2.1,8311.590
-80701,3,8342.340
-84913.92,0.25,8367.019
-87222.4,0.6,8377.999
-86957.7,2.1,8370.466
-84829,4,8349.521
-82017,28,8323.66
-77501,14,8285.55
-72380,11,8243.08
-65398,13,8187.22
-57630#,200#,8126#
-48130#,300#,8052#
-37700#,500#,7971#
-34490#,300#,8038#
-44390#,600#,8103#
-56367,14,8183.36
-63606,12,8229.47
-72986.5,2.3,8290.888
-77050,8,8314.32
-83268,8,8353.15
-84312.1,0.6,8355.020
-88074.2,1.3,8376.304
-84686,6,8346.52
-84257,3,8337.864
-78212,24,8289.10
-75456,12,8263.82
-66990,50,8197.7
-61782,28,8154.98
-50480,800,8069
-42830#,400#,8008#
-29320#,500#,7906#
-39540#,500#,8069#
-50670#,400#,8142#
-59927,16,8202.26
-68197.3,2.9,8255.365
-74477,9,8294.36
-79732,5,8326.08
-82930,4,8343.205
-85431.1,1.3,8355.396
-86014.5,1.5,8353.985
-84192,3,8335.507
-80523,14,8303.94
-75934,9,8265.85
-69926,13,8217.69
-63224,20,8164.61
-54540,110,8097.5
-45380#,300#,8027#
-34360#,400#,7943#
-33610#,300#,8027#
-46550#,500#,8113#
-54803,5,8165.25
-65229.6,2.7,8233.170
-70515,7,8264.88
-77842,6,8310.97
-80024,6,8320.83
-84532.9,2.4,8347.070
-83786.4,1.5,8336.303
-85950.1,1.3,8346.031
-81142,24,8306.66
-78981.9,1.9,8285.941
-71310,30,8226.40
-66960,28,8190.26
-56560,700,8112
-50120#,730#,8061#
-37250#,400#,7965#
-27930#,500#,7893#
-40530#,500#,8070#
-50790#,200#,8137#
-60203,5,8196.89
-67676,8,8243.67
-73937,7,8281.99
-78171,7,8306.13
-81606.4,2.4,8324.676
-83068.2,1.8,8329.428
-84002.3,1.3,8330.489
-82960.7,2.9,8317.734
-79517.1,2.7,8288.183
-74241,11,8245.82
-68230,200,8198.3
-60420,50,8138.2
-52169,13,8075.05
-42050#,300#,7999#
-31160#,400#,7917#
-36220#,300#,8040#
-45330#,400#,8098#
-56872,5,8172.88
-63271,20,8211.89
-71767,7,8265.45
-74850,13,8281.43
-80431.9,2.8,8314.761
-80750.6,2.7,8311.541
-83748.0,1.3,8326.924
-81416.1,2.9,8305.297
-81965.6,1.5,8303.680
-75619,11,8254.17
-71760,28,8221.94
-62368,28,8151.29
-56570,7,8105.59
-44610,8,8017.10
-36610#,200#,7956#
-22160#,400#,7850#
-30010#,300#,7998#
-41130#,500#,8069#
-51493,11,8135.09
-60054,9,8188.73
-67516,8,8234.80
-72835,12,8266.09
-77070,30,8289.88
-79626,7,8302.13
-81432.0,1.3,8309.188
-81267.5,2.8,8302.658
-80651.4,1.5,8293.014
-77992,3,8269.274
-72927,20,8228.95
-66400,110,8178.5
-58243,7,8116.89
-49120,7,8048.58
-39240#,200#,7975#
-27580#,200#,7889#
-35540#,300#,8031#
-47955,24,8110.42
-55310.4,2.9,8155.437
-64866.3,1.8,8215.529
-69221.2,1.7,8239.999
-75626,15,8278.51
-76670,30,8280.33
-80925.9,1.3,8304.093
-79454,4,8288.655
-80996,3,8293.858
-77118,6,8261.93
-76086,4,8249.507
-67760,40,8187.1
-62555,7,8146.11
-51238,7,8063.24
-44322,7,8010.51
-31060#,200#,7914#
-31200#,300#,8001#
-42400#,200#,8072#
-51920,8,8131.80
-60264,20,8183.24
-66678,11,8221.55
-72014,9,8252.53
-75444,16,8270.54
-78146.8,1.3,8283.604
-79042.0,1.3,8284.371
-79266.0,1.3,8280.573
-77544.6,2.6,8263.541
-75356.9,1.9,8243.337
-70743,8,8206.62
-64196,9,8156.77
-55757,5,8094.04
-46610,40,8026.48
-35974,7,7948.82
-38650#,300#,8047#
-46911,13,8097.55
-57544.9,1.5,8164.112
-62709,19,8193.72
-70398,11,8240.39
-72535,15,8249.54
-77408.1,2.1,8277.178
-76866,6,8268.23
-79336.1,1.2,8279.633
-76297,10,8253.82
-76269.4,1.5,8248.340
-70537,12,8204.32
-67859,9,8180.94
-57990,80,8109.0
-51479,10,8059.69
-38765,10,7968.50
-30230#,400#,7906#
-33000#,300#,8009#
-43300#,400#,8073#
-52830.6,2.5,8131.850
-60220,200,8176.2
-66670,10,8214.23
-71039,10,8238.30
-74375.5,2.1,8255.444
-76064.4,2.2,8261.528
-77135.9,1.2,8263.468
-76441,4,8253.556
-75127,3,8239.486
-71489,4,8209.815
-67694,9,8179.10
-61646,12,8133.26
-53742,28,8074.96
-43940#,200#,8004#
-33330#,300#,7927#
-28990#,300#,7983#
-38170#,400#,8039#
-49890,6,8111.84
-56311.1,2.5,8149.434
-64847,12,8201.12
-68301,9,8218.93
-73680.0,1.1,8249.579
-73597,20,8243.81
-77051.3,1.1,8261.624
-74792,6,8241.35
-75764,6,8242.61
-71106,7,8206.34
-69310,4,8189.150
-61946,14,8134.84
-57831,17,8102.20
-46490#,200#,8021#
-38830#,300#,7965#
-24770#,300#,7866#
-34280#,500#,8013#
-44940#,400#,8079#
-53310,440,8129.0
-61225,18,8176.28
-66780,12,8207.88
-70943.2,1.1,8230.274
-73386,5,8241.27
-74576.5,1.1,8243.973
-74653.1,1.2,8239.300
-74188.9,3.0,8231.045
-71624,4,8208.874
-68752,3,8184.679
-63623,8,8145.53
-58266,16,8104.87
-50772,19,8050.06
-41540,300,7983.8
-30300#,300#,7904#
-29130#,500#,7980#
-41610#,400#,8057#
-49290#,300#,8102#
-58980#,200#,8161#
-63758,19,8187.10
-70150,24,8224.01
-71254,26,8226.13
-74763.0,1.0,8244.065
-72888.5,1.2,8226.585
-74707.3,1.0,8233.404
-70720,40,8202.01
-70118,5,8192.92
-63605,13,8144.92
-60500,9,8119.35
-51720,50,8056.4
-46270,150,8015.4
-33420#,200#,7926#
-36470#,400#,8023#
-46060#,300#,8081#
-54910#,200#,8134#
-61568,12,8172.04
-67330.4,2.7,8204.583
-70648,9,8221.15
-72560.1,1.0,8228.537
-73367.5,1.2,8228.701
-72882.9,1.0,8220.421
-71314,4,8205.050
-69143,4,8185.751
-65012,5,8153.64
-60467,9,8118.82
-53973,12,8071.26
-47160#,200#,8022#
-38380,150,7959.1
-27300#,300#,7882#
-32920#,500#,8001#
-41530#,300#,8051#
-52220#,200#,8116#
-57860,100,8147.3
-65579.6,1.0,8192.349
-68267,25,8204.72
-72455.6,1.3,8226.838
-71738.4,1.2,8217.101
-73706.4,1.0,8224.800
-70160,50,8196.67
-70394,7,8193.13
-64639,8,8150.68
-62605,5,8132.39
-54427,14,8074.21
-49932,17,8039.94
-39670#,200#,7968#
-32730#,300#,7918#
-37930#,400#,8028#
-47780#,300#,8087#
-55415,17,8131.04
-62284,9,8170.31
-66940,5,8195.30
-70191.2,1.3,8211.226
-71818.3,1.3,8216.676
-72070.3,1.0,8213.254
-71250,10,8202.92
-69156,10,8184.36
-66040,17,8159.21
-62209,6,8129.44
-56626,10,8088.38
-50503,17,8043.82
-42545,19,7987.44
-34310#,300#,7929#
-23990#,300#,7858#
-33050#,400#,7997#
-44820#,300#,8068#
-51449.3,1.0,8105.234
-60202.1,1.3,8156.326
-64166.8,1.2,8176.726
-69361,9,8205.01
-70083,4,8204.619
-72535.3,1.0,8215.325
-70091,4,8194.641
-70529.4,1.0,8192.437
-65540,40,8155.43
-64212,25,8141.91
-56834,14,8089.60
-53266,9,8061.71
-43700,50,7995.4
-37820,150,7952.7
-26000#,300#,7872#
-29070#,300#,7972#
-39930#,400#,8037#
-48435,3,8085.817
-56494.1,2.1,8132.167
-62297,7,8164.15
-66678,4,8187.064
-69459,4,8199.798
-70823.9,1.0,8203.507
-70763.8,1.0,8198.142
-69425,5,8184.63
-66833,23,8163.14
-63414,27,8136.38
-58709,28,8101.43
-53420,11,8062.76
-46440,12,8013.31
-38860#,200#,7960#
-29600,150,7896.1
-19690#,400#,7828#
-36540#,400#,8015#
-44150#,300#,8059#
-53835.1,1.3,8114.953
-59106.1,0.9,8143.362
-65252,5,8177.31
-67270.5,2.0,8185.132
-70690.0,1.0,8201.823
-69470.9,1.3,8189.156
-70407.2,2.3,8190.130
-66187,27,8158.47
-65304,25,8147.93
-58703,25,8101.20
-56010,8,8079.20
-47212,15,8018.57
-42102,17,7981.28
-31120#,200#,7907#
-23690#,300#,7855#
-31340#,500#,7983#
-40770#,400#,8037#
-49724,30,8088.82
-56554,10,8126.86
-62208,6,8157.50
-66043,4,8176.699
-68561.9,1.0,8187.618
-69532.6,1.1,8188.803
-69167.2,1.4,8181.584
-67330,3,8165.107
-64561,4,8142.774
-60570,28,8112.75
-55834,18,8078.04
-49710,40,8034.60
-42853,17,7986.56
-34439,20,7928.73
-25430#,300#,7867#
-14810#,310#,7795#
-36200#,400#,8009#
-46720,50,8069.97
-52894.6,2.0,8103.640
-60233.2,2.0,8144.616
-63493.4,0.9,8160.103
-67942.1,1.1,8183.017
-67836.5,1.1,8177.468
-69672.4,0.7,8184.053
-66382,15,8158.60
-66064,24,8151.72
-60300,30,8110.81
-58163,5,8092.56
-50270,60,8038.3
-45939,10,8006.38
-35820,50,7938.3
-29330,150,7892.8
-16880#,300#,7810#
-32490#,500#,7986#
-42230#,400#,8042#
-50087,9,8086.00
-56672,7,8122.04
-61792,10,8148.98
-65506.1,1.5,8167.193
-67461.8,1.2,8174.481
-68055.5,0.7,8173.309
-67196.3,2.2,8163.113
-65201,9,8145.86
-61899,28,8120.49
-57834,15,8090.39
-52562,28,8052.78
-46316,23,8009.12
-38779,24,7957.45
-30510#,200#,7901#
-20840,150,7836.3
-10200#,400#,7765#
-39010#,400#,8022#
-46040#,300#,8061#
-54379,4,8107.574
-58722.9,1.3,8129.559
-64281,4,8159.037
-65879.5,2.0,8164.077
-68181.2,0.7,8173.456
-66041,3,8155.413
-66334.2,0.8,8152.396
-61477,26,8117.59
-59821,15,8102.53
-52830,80,8054.6
-49168,9,8027.12
-39780,60,7964.3
-33999,18,7923.82
-22450#,200#,7848#
-14500#,300#,7794#
-34080#,500#,7992#
-42960#,400#,8042#
-50600,7,8084.17
-56573.8,0.9,8116.017
-61388.6,0.8,8140.756
-64596,4,8155.632
-66380.9,0.7,8161.784
-66378.0,0.7,8156.967
-65167,5,8144.740
-62728,6,8124.98
-59294,15,8099.11
-54791,28,8066.68
-49269,26,8028.01
-42530,40,7981.89
-34910,60,7930.3
-26002,19,7870.87
-16340#,300#,7807#
-5310#,400#,7734#
-38360#,400#,8014#
-47925,4,8067.780
-53232.1,2.1,8095.369
-59693.7,1.0,8129.998
-62105.0,1.9,8139.930
-65967.6,0.7,8158.713
-64980.5,1.4,8147.923
-65942.6,0.7,8149.019
-61909,25,8119.65
-61012,15,8109.41
-54642,28,8065.80
-51818,16,8043.81
-43283,28,7987.00
-38236,10,7951.45
-27470,50,7881.1
-20420,150,7833.3
-7480#,320#,7750#
-34670#,500#,7992#
-43510#,400#,8041#
-50729,5,8080.05
-56525.8,1.3,8110.443
-60588.8,1.5,8130.326
-63612.3,0.7,8143.908
-64898.0,0.8,8146.959
-64521.4,0.9,8139.935
-62930.0,1.7,8125.549
-60295,27,8104.84
-56442,27,8076.75
-51636,28,8042.87
-45848,14,8003.05
-38861,26,7955.97
-30659,24,7901.52
-21750#,200#,7843#
-11600#,160#,7776#
-320#,400#,7703#
-40450#,400#,8023#
-46750#,100#,8056#
-54370.9,1.6,8097.226
-57808.8,1.5,8113.223
-62584.5,0.8,8137.279
-63070.3,0.8,8135.493
-64924.1,0.3,8141.948
-61886,12,8118.94
-61594,7,8112.46
-56021,30,8074.18
-53859,28,8056.44
-46098,28,8004.97
-41887,9,7974.90
-31840,90,7909.6
-25432,18,7866.34
-13310#,200#,7789#
-4780#,300#,7733#
-35330#,500#,7992#
-43770#,400#,8038#
-50776,5,8075.54
-55883.1,1.9,8101.441
-59911,4,8120.878
-62279,5,8130.37
-63289.26,0.29,8131.735
-62543.1,1.3,8122.583
-60590,4,8106.202
-57530,40,8083.17
-53468,28,8054.18
-48351,28,8018.86
-42093,19,7976.70
-34830#,40#,7929#
-26500,80,7874.0
-17072,18,7812.83
-6750#,310#,7746#
-31640#,300#,7971#
-39250#,400#,8012#
-48150#,300#,8060#
-52781,4,8082.798
-58560,140,8112.5
-60060,30,8116.81
-62989.23,0.26,8129.590
-61312.4,1.7,8114.952
-61579.87,0.09,8111.887
-57070,40,8080.40
-55361,28,8065.55
-48394,28,8019.43
-44893,13,7993.93
-35790,30,7935.12
-29995,10,7895.94
-18670,60,7823.9
-11010,150,7773.6
2530#,400#,7688#
-35660#,500#,7991#
-43890#,400#,8035#
-50480#,300#,8069#
-55600,300,8094.8
-58796,20,8109.06
-60921.2,0.3,8117.008
-61274.7,0.7,8114.470
-60375.53,0.18,8104.521
-58083,3,8086.323
-54717,28,8061.78
-50290,28,8030.96
-44918,15,7994.54
-38409,11,7951.40
-30723,26,7901.29
-22093,23,7845.59
-12460#,200#,7784#
-1790#,300#,7716#
-30860#,500#,7963#
-40850#,500#,8017#
-46710#,300#,8047#
-53710#,200#,8084#
-56240,50,8093.79
-60107.5,1.4,8111.953
-59795.3,0.7,8105.514
-60763.929,0.010,8106.610
-57306,17,8081.67
-56254,28,8070.88
-50138,28,8030.30
-47291,13,8008.95
-38904,11,7955.01
-33926,10,7921.13
-23180#,100#,7853#
-16299,18,7808.24
-3700#,200#,7730#
5420#,300#,7671#
-36210#,500#,7990#
-43770#,400#,8030#
-50010#,200#,8062#
-54520,600,8084
-57717.8,1.4,8097.740
-59210.3,1.0,8101.893
-59306.818,0.013,8097.883
-57828.5,1.9,8084.662
-55431,29,8066.07
-51720,28,8039.79
-47086,28,8008.12
-41250,28,7969.41
-34297,18,7924.18
-26410,40,7873.49
-17470,80,7816.6
-7562,21,7754.11
3340#,310#,7686#
-32970#,300#,7972#
-39690#,500#,8006#
-47760#,300#,8049#
-51480#,200#,8066#
-56483,4,8090.405
-57374,5,8091.04
-59255.456,0.014,8097.430
-56736.1,2.3,8078.233
-56402,24,8071.74
-51330,28,8037.71
-49097,28,8020.18
-41570,40,7971.85
-37244,13,7942.16
-27380,30,7880.26
-21107,10,7839.25
-9320,60,7766.2
-1060,150,7713.6
-36510#,500#,7988#
-43740#,400#,8026#
-49350#,300#,8054#
-53650#,200#,8074#
-56256,4,8084.463
-57551.234,0.011,8087.428
-56881.0,1.6,8079.031
-55412,28,8066.02
-52397,28,8044.06
-48727,28,8018.33
-43554,28,7983.91
-37438,15,7944.03
-30268,11,7898.07
-21940,60,7845.4
-12832,23,7788.23
-2660#,200#,7725#
-31970#,500#,7963#
-41130#,500#,8011#
-45870#,300#,8034#
-51950#,300#,8064#
-53860,40,8070.64
-56944.521,0.011,8083.848
-55570.3,1.6,8071.454
-55844.6,2.3,8068.534
-51741,28,8040.45
-50227,28,8027.26
-43673,28,7985.09
-39995,10,7959.46
-30786,11,7902.04
-25318,10,7866.11
-14060#,100#,7797#
-6641,19,7749.79
-36730#,500#,7986#
-43300#,400#,8019#
-48650#,400#,8045#
-52310,50,8061.77
-54695.56,0.07,8070.925
-55165.7,1.2,8069.141
-54481.8,2.3,8060.763
-52409,28,8044.45
-49633,28,8024.11
-45288,28,7994.82
-40105,12,7960.73
-33395,12,7917.91
-25709,19,7869.52
-17400,40,7817.59
-7970,80,7759.2
-33610#,500#,7969#
-39390#,500#,7997#
-46630#,400#,8034#
-49370,100,8045.1
-53491.322,0.014,8064.085
-53382.3,1.2,8059.021
-54576.4,1.5,8061.360
-51370,30,8038.67
-50642,28,8030.11
-45063,28,7993.97
-42131,11,7972.87
-33882,8,7921.55
-28934,13,7888.99
-18520,30,7825.38
-11785,11,7782.66
580,80,7707.9
-36280#,500#,7980#
-42860#,500#,8013#
-47570#,200#,8035#
-50986.40,0.22,8049.974
-52383.9,1.2,8053.450
-52880.7,1.4,8051.836
-51715,3,8040.829
-49702,28,8025.04
-46269,28,8001.22
-41956,15,7972.44
-36047,20,7934.63
-29370,15,7892.49
-21546,10,7843.86
-12780,80,7789.9
-3340,22,7732.17
-32130#,500#,7957#
-40260#,600#,7999#
-44240#,300#,8017#
-49677,7,8042.74
-50337.9,2.3,8042.055
-52435.4,1.4,8049.444
-50600#,50#,8035#
-50407,15,8029.26
-45653,28,7998.16
-43544,14,7981.91
-36254,19,7936.56
-31997,10,7908.25
-22303,10,7849.39
-16315,11,7811.36
-4610#,100#,7741#
3573,23,7690.84
-36080#,500#,7976#
-41900#,400#,8004#
-46640#,200#,8026#
-49059,5,8035.074
-50463.0,1.4,8038.547
-50357.5,1.5,8033.587
-49295,15,8023.28
-46584,25,8003.77
-43020,16,7979.48
-38082,10,7947.52
-32268,8,7910.68
-24989,12,7865.64
-16933,28,7816.26
-8270,40,7763.49
2050,80,7701.5
-33180#,500#,7960#
-38170#,400#,7983#
-44720#,300#,8016#
-46680,70,8022.0
-49779.5,1.4,8034.932
-48933.6,2.1,8025.886
-49636.2,1.4,8025.443
-45837,21,7999.99
-44356,16,7987.42
-37978,22,7947.63
-34430,10,7923.58
-25626,5,7870.319
-20251,13,7836.11
-9390,70,7771.4
-1941,12,7725.70
-35440#,500#,7969#
-41090#,300#,7996#
-44800,130,8011.9
-47403.0,1.4,8022.003
-48439.1,1.6,8023.405
-48233.9,1.4,8017.949
-46517,13,8004.14
-43550,25,7983.43
-39463,5,7956.524
-34381,14,7924.13
-27871,20,7883.84
-20661,15,7839.68
-12799,9,7791.92
-3110,90,7734.1
-31490#,500#,7948#
-38900#,400#,7984#
-41770#,200#,7996#
-46050,6,8014.84
-46430.7,1.6,8012.633
-48246.1,0.7,8018.310
-45450,100,7998.6
-44609,22,7989.73
-39052,21,7954.89
-36168,13,7934.75
-28304,19,7887.24
-23577,10,7856.97
-13327,12,7796.36
-6825,12,7756.33
-35000#,400#,7963#
-39720,80,7984.8
-43280,30,8000.03
-45293.5,1.6,8006.740
-46365.7,0.7,8008.323
-45810,8,8001.01
-43660,50,7985.01
-40202,25,7961.82
-35773,14,7933.34
-30191,9,7898.56
-23805,7,7859.39
-16587,9,7815.67
-7580,29,7762.18
-32600#,500#,7951#
-36300#,200#,7967#
-41500,40,7990.72
-42839,26,7993.75
-45705.5,0.7,8005.078
-44220,4,7992.752
-44252.6,0.8,7988.678
-39611,28,7959.20
-37332,15,7942.56
-30319,22,7900.19
-26345,10,7874.35
-16883,10,7818.67
-11052,13,7782.73
1250#,120#,7712#
-28480#,500#,7929#
-33960#,300#,7955#
-38320,60,7974.0
-41394,14,7986.36
-43387.9,0.7,7992.908
-43819.0,0.8,7991.010
-42805.9,0.8,7981.305
-40336,28,7963.72
-36688,26,7939.78
-31858.1,2.6,7909.441
-26184,14,7874.54
-19758,21,7835.58
-11541,16,7786.93
-2240#,80#,7732#
-30320#,400#,7936#
-36420,50,7964.30
-38610,60,7971.8
-42508.6,1.2,7988.603
-41927.3,0.8,7981.271
-43000.0,0.8,7982.832
-39172,17,7958.05
-37864,22,7946.81
-31715,21,7909.54
-28539,12,7888.26
-19883,21,7837.52
-14681,11,7805.34
-3145,17,7739.12
4102,18,7695.95
-27770#,400#,7923#
-33000#,200#,7947#
-36900,60,7963.21
-39904.0,1.2,7975.117
-41216.5,0.7,7977.952
-41219.0,0.7,7973.781
-39549,28,7960.67
-36685,24,7941.17
-33029,22,7917.43
-28119,13,7886.99
-22445,8,7852.47
-14987,5,7808.401
-6383,10,7758.21
2820,30,7704.79
-23820#,400#,7903#
-30830#,300#,7936#
-33910#,200#,7948#
-38668,3,7969.053
-39016.9,0.7,7966.748
-41137.3,0.7,7973.866
-38345,9,7954.85
-37821,5,7947.903
-32371.3,2.7,7914.754
-30198,7,7899.03
-22336,30,7853.05
-17811,10,7824.82
-7195,11,7764.19
-544,20,7724.65
-27150#,300#,7917#
-31960#,200#,7938#
-35810#,200#,7954#
-37979,8,7961.81
-38986.8,0.7,7963.003
-38450,13,7956.02
-36469,10,7941.40
-33582,20,7921.99
-29630,30,7896.92
-24616,8,7866.27
-17844,14,7826.30
-10065,21,7781.00
-1422,22,7731.13
-24800#,400#,7905#
-28720#,200#,7922#
-34370,40,7947.50
-35583,5,7949.776
-38707.8,0.6,7962.105
-36753.6,1.4,7947.702
-37306.5,0.7,7946.494
-32834,3,7918.835
-31371,16,7907.02
-24366,7,7866.03
-20417,13,7841.13
-10596,21,7785.32
-4563,13,7749.45
-26520#,300#,7911#
-31180,40,7931.44
-34350,10,7943.96
-36395.2,0.7,7950.569
-36708.8,1.3,7948.114
-35698,4,7938.728
-33798,5,7924.682
-30592,22,7903.80
-26283,7,7877.14
-20291,7,7841.68
-13239,7,7800.66
-5069,7,7753.79
3864,16,7702.92
-23100#,400#,7894#
-29620#,200#,7924#
-31590,70,7930.2
-35882.3,2.3,7948.526
-34835.6,1.3,7939.000
-36288.5,2.6,7942.492
-32772,16,7920.10
-32011,16,7912.07
-25870,30,7876.02
-22552,6,7854.648
-13530,30,7803.61
-8066,11,7771.05
2926,28,7709.73
-20810#,400#,7883#
-26190#,200#,7907#
-30230,40,7923.94
-33394.4,2.3,7936.272
-34536.3,1.3,7938.135
-34479.7,1.4,7933.788
-33405,9,7924.16
-31062,16,7907.97
-27477,7,7885.34
-22229,10,7854.10
-15885,8,7817.17
-8325,15,7773.95
-67,22,7727.11
9043,25,7675.85
-17130#,500#,7865#
-24410#,300#,7899#
-27260#,200#,7909#
-32435.2,2.4,7932.023
-32531.8,1.3,7928.488
-34760.1,0.5,7935.942
-32211.9,2.1,7918.774
-32184.0,2.9,7914.597
-26937,14,7883.52
-24208,17,7865.42
-16023,5,7819.195
-11005,13,7789.29
-716,24,7732.23
5725,17,7695.00
-20740#,300#,7881#
-25560#,300#,7901#
-29510,60,7917.74
-31692.3,1.3,7924.916
-32793.9,0.5,7926.553
-32567.1,1.1,7921.378
-31013,23,7909.40
-28155,11,7890.73
-23738,5,7864.065
-18026,5,7830.758
-11117,6,7791.32
-3470,10,7748.09
5050,50,7700.38
-18740#,400#,7872#
-22360#,300#,7886#
-28280,40,7912.23
-29440,40,7914.15
-32644.5,0.5,7926.530
-31138.7,3.0,7914.855
-31825.9,2.9,7914.370
-27497,12,7888.29
-25348,8,7873.34
-18009,24,7831.90
-13469,5,7804.745
-3910,30,7752.00
1975,14,7717.97
-14870#,400#,7853#
-20350#,300#,7877#
-25080#,200#,7897#
-28264,20,7909.00
-30419.8,0.5,7915.971
-31139.8,0.5,7915.655
-30540,3,7908.640
-28354,14,7893.57
-24745,5,7871.282
-19687,8,7841.63
-13393,10,7805.71
-6355,8,7766.02
1510,16,7722.12
10250,60,7673.76
-16990#,400#,7861#
-23600#,200#,7890#
-25710#,200#,7897#
-29904.0,2.1,7914.151
-29580.8,0.5,7908.568
-30954.3,0.5,7911.553
-27529,8,7890.30
-26067,9,7878.97
-19374,28,7841.21
-15473,17,7817.56
-6709,5,7769.345
-1230,13,7737.72
9580,30,7679.19
-14730#,400#,7850#
-20270#,200#,7874#
-24400,40,7891.21
-27388.7,2.2,7902.301
-29093.8,0.5,7906.938
-29546.1,0.5,7905.279
-28059,28,7893.88
-25232,7,7875.74
-20798,11,7849.52
-15239,5,7817.658
-8823,5,7781.488
-1560,7,7741.06
6771,14,7695.26
-18550#,300#,7867#
-21570#,200#,7878#
-26599,20,7899.20
-27240,27,7898.49
-29503.3,0.5,7905.896
-27047,6,7889.704
-26251,10,7881.81
-20371,23,7848.50
-16942,8,7827.44
-8988,24,7783.76
-4000,6,7754.911
6130,30,7700.33
-14840#,300#,7849#
-19840#,200#,7870#
-23740,50,7885.83
-26401,3,7895.175
-27662.5,0.7,7897.561
-27181,14,7891.27
-25271,14,7877.88
-21429,12,7854.87
-16521,5,7826.562
-10789,8,7794.15
-4107,10,7757.02
3589,9,7714.84
11937,20,7669.41
-12530#,400#,7839#
-16640#,300#,7855#
-22692,25,7881.56
-24353,23,7885.91
-27345.3,0.7,7896.850
-25980.4,1.8,7886.221
-25941,4,7882.151
-20751,14,7852.59
-17942,9,7834.81
-10595,28,7794.56
-6275,18,7769.30
3102,6,7719.012
9075,15,7685.57
-7270#,400#,7814#
-14370#,400#,7845#
-19510#,200#,7867#
-23143,3,7880.865
-25269.2,1.6,7887.483
-25761.3,1.2,7886.053
-24786,7,7877.40
-21525,13,7857.48
-17311,5,7832.863
-12163,11,7803.65
-6184,6,7770.344
876,6,7731.71
8601,10,7689.80
-9570#,400#,7823#
-17620#,200#,7859#
-20390#,200#,7868#
-24690.1,0.5,7885.546
-24346.1,1.2,7880.024
-25109.8,1.1,7879.933
-20646,9,7854.22
-18341,10,7839.08
-11875,23,7803.55
-7970,7,7780.57
607,25,7734.69
6061,9,7704.12
-5600#,500#,7805#
-12820#,300#,7836#
-18570#,200#,7860#
-22288,4,7874.732
-23820.8,1.2,7878.395
-23770.2,1.1,7874.331
-21066,5,7857.322
-17521,10,7836.22
-12985,12,7810.27
-7710,5,7780.723
-1310,8,7745.69
5804,23,7707.17
14110,60,7662.85
-9240#,300#,7820#
-14190#,300#,7840#
-20946,20,7869.17
-22253.3,1.3,7871.722
-23785.5,1.1,7875.362
-20028,8,7853.32
-18189,4,7840.597
-12439,14,7808.89
-9133,9,7789.04
-1247,28,7746.96
3566,18,7719.80
13480,70,7667.9
-4140#,400#,7797#
-10640#,300#,7824#
-16487,30,7848.61
-21034,5,7866.798
-22452.0,1.1,7869.866
-20054.6,2.4,7854.505
-17146,7,7836.67
-13227,12,7813.97
-8635,5,7787.999
-2849,18,7756.27
3510,60,7721.75
11150,60,7681.10
-500#,400#,7780#
-5910#,300#,7803#
-13270,30,7834.19
-16750.1,1.9,7847.184
-21748.5,1.1,7867.453
-18870.2,2.3,7849.853
-17469.2,1.7,7839.357
-12470,9,7811.56
-9655,10,7794.27
-2665,12,7756.90
1728,9,7732.02
10760,60,7684.8
16690,30,7652.57
-2230#,400#,7786#
-8610#,150#,7813#
-13645,6,7833.398
-17614.6,1.7,7848.649
-18258.6,1.4,7847.987
-16366.0,1.8,7835.188
-12884,5,7814.784
-8941,10,7792.18
-3782,12,7763.75
1858,6,7733.018
8840,60,7695.85
16400#,100#,7656#
2680#,400#,7764#
-5300#,200#,7799#
-9247,12,7813.59
-14728.4,1.4,7835.966
-14791.9,1.4,7832.542
-15953.1,1.1,7834.346
-11972,8,7811.66
-9605,5,7796.665
-3344,13,7763.12
443,9,7741.37
8760,60,7698.02
14060,19,7669.08
-390#,200#,7777#
-6080,40,7799.79
-10493.0,2.3,7817.008
-11859,5,7819.775
-12432.5,1.3,7818.784
-11647.2,2.7,7811.355
-8755,7,7793.94
-4140,12,7768.36
832,5,7741.089
7140,50,7707.47
13880,90,7671.9
22050,70,7629.4
3020#,300#,7762#
-1550#,200#,7780#
-7548.9,1.8,7804.320
-8117.9,1.9,7803.314
-10369.4,1.2,7810.244
-8628.1,2.4,7798.340
-8659,3,7794.796
-3516,9,7766.85
-199,10,7747.51
7300,22,7708.45
12111,10,7682.06
21600,90,7633.6
8200#,300#,7739#
1784,27,7765.43
-3204,7,7785.17
-5232,5,7791.022
-6654,3,7794.024
-6580,5,7790.004
-5696,3,7782.182
-3554,5,7768.454
346,10,7746.47
6141,12,7715.59
12120,9,7683.85
19650,60,7644.80
11770#,400#,7724#
6470#,200#,7745#
-183.0,2.0,7772.395
-1201,11,7773.50
-4470.0,1.4,7785.116
-3379,4,7776.363
-4320,9,7777.10
-958,9,7757.74
93,5,7749.172
6433,14,7715.89
10695,11,7692.32
19460,80,7647.7
17110#,400#,7701#
10030#,300#,7730#
4340,50,7752.74
1629,6,7761.718
-541.8,2.1,7768.177
-1257,7,7767.86
-1169,6,7763.816
318,7,7753.26
2532,7,7739.32
6031,12,7719.41
10921,6,7693.027
17800,80,7657.4
24890,100,7620.8
20920#,400#,7685#
14870#,300#,7709#
7510#,200#,7740#
5874,11,7743.50
1782.3,1.8,7758.820
2257,4,7753.002
253,6,7758.655
2971,4,7742.451
3291,8,7737.35
8150,9,7711.23
10299,11,7697.66
17824,25,7659.20
23066,28,7631.31
18660#,400#,7693#
12260#,300#,7719#
8730,18,7731.85
5883,7,7741.36
4395,5,7744.617
3659,4,7744.404
4315,7,7737.77
5890,7,7726.91
8702,11,7710.34
12206,11,7690.59
17055,12,7664.64
22970#,80#,7634#
23710#,400#,7672#
15630#,300#,7705#
13216,27,7712.83
8356.7,2.0,7731.530
8100,12,7729.12
5217.4,2.3,7738.753
7059,4,7726.714
6646,10,7725.02
10850,60,7702.14
12367,11,7691.60
18650,18,7659.19
21895,14,7640.72
20620#,400#,7684#
16320#,200#,7700#
12681,16,7713.33
10396,3,7720.197
8829.3,2.1,7723.778
8617,7,7721.18
9394,7,7714.06
11570,50,7700.55
14460,60,7683.77
18580,70,7661.4
23296,13,7636.29
29440,90,7604.7
24130#,400#,7670#
20960#,300#,7681#
15263,18,7703.22
14376,14,7703.70
10612.0,1.8,7717.255
11482,4,7709.743
10272,8,7711.69
13744,6,7692.352
14690,14,7684.50
20278,15,7655.54
23010#,100#,7640#
30480,30,7602.08
24200#,300#,7668#
19774,20,7684.48
16783,14,7694.48
14471,6,7701.394
13277,5,7703.257
12964,5,7701.135
14530,60,7690.50
16940,8,7676.06
20370,60,7656.98
24520,70,7634.7
29910#,200#,7607#
35930#,300#,7576#
28950#,300#,7648#
22490,40,7674.01
20953,16,7677.39
16372.0,1.9,7694.499
16378,7,7690.95
14320,4,7696.693
16622,5,7682.801
17203,10,7676.66
22060,90,7651.2
24270,50,7637.77
31270,40,7602.70
35060#,300#,7582#
32240#,400#,7636#
27080#,200#,7655#
23428,14,7668.06
20390,8,7678.17
18382.3,1.9,7683.666
17233.2,2.1,7685.310
17825,7,7679.15
19385,8,7668.64
22340,80,7651.9
26050,60,7631.76
30660,80,7607.6
36120#,300#,7580#
42700#,300#,7547#
37070#,400#,7616#
29910#,200#,7644#
27711,22,7650.74
22445,10,7670.75
21749,11,7670.37
18825.8,1.8,7679.924
20234,4,7670.144
19996,10,7667.72
23862,8,7646.96
25743,15,7635.07
32032,29,7603.50
35280#,300#,7586#
43260#,400#,7546#
34580#,300#,7626#
30300#,300#,7641#
26534,11,7654.36
23821,12,7662.94
21993.0,2.6,7667.587
21637,5,7665.691
22310,5,7659.223
24360,80,7646.7
27372,10,7629.77
31620,90,7607.4
36300#,300#,7583#
42390#,400#,7553#
37550#,400#,7614#
34660#,300#,7624#
28747,10,7646.41
27521,6,7648.377
23667.6,1.9,7661.964
24309,3,7655.663
23198,4,7657.119
26034,11,7641.11
27329,11,7631.92
32820,100,7604.2
35630#,200#,7588#
42970#,300#,7552#
42280#,400#,7596#
37430#,300#,7613#
32886,14,7630.05
29682,6,7640.716
27177.5,1.9,7648.305
25849.5,1.9,7650.708
25804.8,2.1,7647.459
26830,7,7639.49
29045,9,7626.29
32580,80,7607.3
36770#,100#,7585#
42180#,200#,7558#
41880#,400#,7596#
35243,18,7621.65
33384,7,7626.369
28940.2,2.0,7642.429
28894.7,2.1,7639.197
26770.9,1.8,7645.081
28924,4,7632.208
29220,13,7627.48
33830#,100#,7604#
36108,23,7590.40
42850#,200#,7557#
44890#,400#,7585#
39362,13,7605.62
35668,5,7618.338
32562,15,7628.49
30690,12,7633.24
29585.5,2.4,7634.651
29897,3,7629.875
31211,6,7620.722
33800,100,7606.0
37390,60,7586.88
42180,110,7562.6
42170#,200#,7595#
39487,7,7603.705
34516,10,7621.91
33838,16,7621.46
30862.5,1.2,7630.997
32174,3,7621.896
31615,5,7620.923
35240,60,7601.78
36932,14,7591.00
42870#,140#,7562#
46550#,300#,7579#
42081,8,7594.50
38216,11,7607.84
35763,13,7615.08
33815.8,1.2,7620.119
33424.3,1.8,7618.427
33806.0,2.7,7613.388
35620,50,7602.13
38309,22,7587.12
42410#,300#,7566#
47270#,300#,7542#
46073,14,7579.35
40497,9,7600.01
39154,13,7602.42
35446.7,1.4,7615.034
35947,8,7609.51
34609.4,1.8,7611.898
37360#,100#,7597#
38361,17,7588.98
43420#,300#,7564#
46330#,200#,7548#
48920,20,7569.24
44334,9,7585.56
41308,13,7595.19
38731.6,1.4,7602.894
37489.4,1.3,7604.867
36919.1,2.3,7603.957
37950,50,7596.18
40050,50,7583.80
43290#,110#,7567#
47290,80,7546.0
52770#,230#,7519#
46931,8,7576.54
44841,14,7582.13
40613.0,2.6,7596.856
40339,4,7594.684
38145.0,1.1,7600.716
39955,8,7589.64
40350,7,7584.606
44460#,160#,7564#
46722,17,7550.69
53400#,150#,7519#
51130#,300#,7561#
47357,14,7573.51
44018,13,7584.39
42289,14,7588.41
40918.8,1.1,7590.915
41043.0,1.4,7587.057
42182,21,7578.88
44620,50,7565.16
48010#,100#,7547#
52770#,400#,7524#
51220,40,7559.24
46255,14,7576.97
45334,14,7577.56
42444.6,1.1,7586.485
43380,50,7579.21
42901.5,1.8,7577.919
46040#,120#,7561#
47853,18,7550.31
53540#,360#,7523#
54020#,400#,7550#
49955,16,7563.44
47528,13,7570.38
45390.1,1.2,7576.103
44871.6,1.1,7574.989
45091.7,1.7,7570.760
46570#,60#,7561#
49250,70,7546.6
53210#,230#,7527#
57940,100,7503.4
52530#,280#,7555#
50894,16,7558.34
47307.7,1.5,7570.126
47454.6,1.1,7566.222
46163.1,1.1,7568.361
48420,60,7555.59
49445,12,7548.00
54220#,260#,7525#
57280#,300#,7509#
56500#,400#,7540#
53340#,200#,7550#
50572.7,1.5,7558.562
49311.0,1.3,7560.568
48588.2,1.1,7560.319
49390.4,2.0,7553.689
51150,150,7543.1
54250#,210#,7527#
58200#,120#,7507#
63630#,300#,7481#
57010#,200#,7537#
52715.5,2.6,7551.770
52316,17,7550.17
50125.3,1.1,7556.043
51510,14,7547.01
51724.2,1.9,7542.862
55660#,150#,7523#
57989,18,7510.24
64230#,370#,7481#
59740#,300#,7528#
56200#,200#,7539#
54320,100,7544.0
52955.1,1.1,7546.440
52934.3,1.1,7543.279
53701.8,1.6,7536.849
55980#,170#,7524#
59330#,170#,7507#
63890#,230#,7485#
69220#,300#,7459#
58620#,200#,7532#
57420,200,7533.4
54716.9,1.2,7541.328
55468.0,1.1,7534.992
54803.7,1.1,7534.504
57750#,140#,7519#
59387,13,7509.10
64800#,260#,7483#
68400#,400#,7465#
62480#,300#,7518#
59810#,30#,7526#
57754.6,2.5,7531.009
57175.0,1.4,7530.174
57181.9,1.5,7526.926
58690,5,7517.502
60990#,180#,7505#
64750#,210#,7486#
69320#,130#,7464#
63240#,100#,7514#
59806.0,2.3,7524.815
59879.1,1.5,7521.309
58451.8,1.1,7523.953
60714,14,7511.48
61478.1,2.6,7505.137
66030#,180#,7483#
68960#,200#,7468#
75600#,370#,7438#
65850#,200#,7506#
63178,14,7513.28
61900.4,1.9,7515.304
61004.5,1.1,7515.768
61813.8,1.8,7509.271
63385.2,2.4,7499.664
66320#,170#,7485#
70190#,200#,7465#
75330#,260#,7441#
65395,15,7506.54
64994#,18#,7505#
62616.9,1.5,7511.472
63970,60,7502.80
64090.2,1.5,7499.122
67820,90,7480.8
70191,14,7467.96
76120#,260#,7441#
69210#,200#,7493#
67150#,100#,7499#
65533,4,7501.932
65490,5,7498.941
66109,14,7493.26
68578,19,7480.10
71670#,180#,7464#
75940#,210#,7444#
70560#,200#,7487#
67392.7,2.4,7496.729
68130,50,7490.60
67238,5,7491.044
70300#,50#,7476#
71898,8,7465.95
76950#,180#,7442#
80690#,220#,7424#
73100#,300#,7479#
70750.7,2.4,7485.551
69846.3,1.2,7486.041
69722.7,1.2,7483.395
71180#,30#,7474#
73519,6,7461.865
77180,160,7444.0
81790#,280#,7422#
72990,10,7478.94
72952.0,2.9,7475.959
71170.3,1.5,7479.957
73230#,100#,7469#
74072,8,7462.09
78400,90,7441.7
81570#,200#,7426#
76648,23,7466.72
75228,11,7469.26
74135,4,7470.501
74512,5,7465.884
75959,14,7457.00
78967,19,7441.90
82850#,180#,7423#
87830#,200#,7400#
79060#,300#,7460#
78540#,200#,7459#
76034.6,2.4,7465.347
77290,50,7457.24
76817,5,7456.035
80470,90,7438.4
82871,9,7425.80
88540#,190#,7400#
80930#,360#,7451#
79302,4,7454.830
79010.5,1.2,7452.888
79345.5,1.5,7448.471
81170#,30#,7438#
84359,7,7422.472
88520,160,7402.9
93640#,410#,7380#
84390#,300#,7440#
81341,11,7449.23
81994.2,2.9,7443.576
80902.5,1.8,7444.794
83450#,100#,7432#
84723,10,7423.59
89650,90,7401.1
93200#,280#,7384#
84810#,200#,7438#
84089,11,7437.82
83800,4,7435.886
84842,6,7428.733
86812,14,7417.94
89947,18,7402.58
94330#,180#,7382#
99600#,280#,7359#
87040#,310#,7432#
87190#,100#,7428#
85485,3,7431.789
87460#,120#,7421#
87823,8,7416.543
91750,80,7398.2
94222,18,7385.43
100300#,190#,7359#
89400#,410#,7422#
88590,4,7422.194
88992.5,1.6,7417.585
90247,6,7409.659
92670#,40#,7397#
95866,11,7381.71
100150,160,7362.0
92700#,400#,7412#
90430#,200#,7418#
91690,3,7409.661
91480#,100#,7407#
94780#,100#,7392#
96344,16,7382.53
101510,90,7359.5
105300#,410#,7342#
93700#,280#,7407#
93560#,100#,7405#
94079,6,7399.971
95850#,70#,7390#
98370#,70#,7377#
101990,60,7360.36
106520#,180#,7340#
95770#,440#,7402#
96550#,320#,7396#
95610#,200#,7397#
98280#,130#,7383#
99150#,200#,7377#
103670#,90#,7357#
106547,21,7342.56
113120#,200#,7314#
98580#,510#,7391#
98460#,200#,7388#
99560#,200#,7381#
101320,70,7371.39
104310#,110#,7357#
108005,18,7339.77
113080,180,7317.3
101670#,450#,7382#
100100#,360#,7385#
102110#,200#,7374#
102390#,220#,7370#
106250#,140#,7352#
108369,22,7341.17
114250,90,7315.7
103130#,490#,7376#
103670#,220#,7371#
104760#,150#,7364#
107110#,170#,7352#
110200#,100#,7337#
114500#,310#,7318#
119680#,200#,7295#
105010#,590#,7371#
106380#,440#,7363#
106080#,360#,7361#
109260#,240#,7346#
110780#,280#,7338#
115960#,180#,7315#
119563,29,7298.38
108230#,550#,7359#
108690#,360#,7354#
110380#,220#,7345#
112790#,140#,7333#
116400#,240#,7316#
120900,24,7296.25
126620#,440#,7272#
111660#,540#,7349#
110140#,410#,7351#
112740#,280#,7339#
113620#,250#,7332#
118100#,160#,7313#
121140,27,7298.26
127670,100,7270.8
113440#,580#,7342#
114010#,370#,7337#
115810#,260#,7327#
118770#,260#,7313#
122660#,100#,7295#
127790#,500#,7273#
133880#,200#,7248#
115480#,660#,7337#
117060#,530#,7328#
116800#,470#,7326#
120710#,380#,7309#
122970#,300#,7297#
129150#,230#,7271#
133650#,300#,7252#
119150#,620#,7323#
119690#,370#,7318#
121480#,370#,7309#
124490#,130#,7294#
129300#,310#,7274#
134830,30,7250.16
122400#,580#,7314#
121430#,460#,7314#
124230#,300#,7301#
125110#,250#,7295#
130710#,190#,7271#
134680,40,7253.76
124620#,590#,7305#
125860#,380#,7298#
127690#,280#,7288#
131100#,330#,7273#
135950#,100#,7252#
126520#,690#,7301#
128790#,530#,7290#
129000#,510#,7286#
133480#,490#,7267#
136080#,420#,7255#
142770#,230#,7227#
129920#,400#,7292#
130680#,660#,7286#
131770#,370#,7279#
134780#,420#,7265#
138290#,140#,7250#
142890#,400#,7230#
133760#,580#,7278#
133410#,470#,7276#
137250#,380#,7259#
139200#,390#,7249#
144610#,210#,7227#
135780#,600#,7273#
136490#,590#,7268#
138770#,390#,7257#
141670#,340#,7243#
145400#,450#,7227#
138950#,600#,7265#
138190#,720#,7265#
141310#,530#,7250#
142540#,550#,7243#
147390#,630#,7223#
150360#,500#,7209#
141100#,600#,7260#
141380#,450#,7256#
143010#,660#,7247#
145090#,390#,7237#
148410#,470#,7222#
152330#,150#,7205#
144370#,400#,7251#
143220#,300#,7252#
145770#,580#,7240#
146250#,510#,7236#
150520#,390#,7218#
152840#,440#,7206#
159030#,220#,7181#
146500#,600#,7243#
147590#,670#,7237#
149020#,610#,7229#
151720#,420#,7216#
155020#,400#,7202#
159460#,600#,7183#
148420#,600#,7239#
150510#,600#,7229#
150320#,750#,7227#
153890#,530#,7212#
155650#,580#,7202#
161240#,400#,7180#
152400#,600#,7225#
153270#,490#,7220#
155330#,770#,7209#
157950#,400#,7197#
161810#,300#,7181#
155460#,450#,7218#
154790#,300#,7217#
157740#,590#,7204#
158830#,550#,7197#
163730#,400#,7177#
157830#,500#,7210#
159380#,680#,7201#
161340#,620#,7192#
164560#,440#,7177#
159460#,500#,7207#
161970#,500#,7195#
162420#,760#,7191#
166590#,530#,7173#
168780#,660#,7163#
163730#,600#,7192#
165090#,510#,7185#
167770#,780#,7172#
170930#,400#,7159#
166510#,460#,7185#
166450#,700#,7183#
169960#,590#,7168#
171610#,550#,7159#
169370#,700#,7176#
171460#,710#,7166#
173930#,620#,7155#
177750#,440#,7139#
170930#,700#,7174#
173970#,700#,7160#
174920#,760#,7154#
179670#,540#,7135#
175550#,500#,7158#
177470#,510#,7149#
180680#,780#,7135#
184460#,500#,7119#
178320#,470#,7152#
178730#,700#,7147#
182790#,590#,7131#
185030#,550#,7120#
181500#,700#,7141#
184180#,740#,7129#
187240#,620#,7116#
191650#,600#,7098#
186600#,700#,7124#
188130#,760#,7116#
193620#,670#,7095#
190570#,520#,7111#
194430#,780#,7095#
198800#,710#,7078#
196400#,590#,7092#
199320#,550#,7079#
201370#,660#,7076#
