EL,N,Z,A,BEA
H,1,1,2,1.1122831
H,2,1,3,2.8272654
H,3,1,4,1.7204491
H,4,1,5,1.3363592
H,5,1,6,0.9616395
He,1,2,3,2.57268044
He,2,2,4,7.0739156
He,3,2,5,5.5121325
He,4,2,6,4.8785199
He,5,2,7,4.1230578
He,6,2,8,3.924521
He,7,2,9,3.349038
He,8,2,10,2.995134
Li,1,3,4,1.1537603
Li,2,3,5,5.2661325
Li,3,3,6,5.3323312
Li,4,3,7,5.6064401
Li,5,3,8,5.1597124
Li,6,3,9,5.0377685
Li,7,3,10,4.5313512
Li,8,3,11,4.1553817
Li,9,3,12,3.7915999
Li,10,3,13,3.5076307
Be,2,4,6,4.4872478
Be,3,4,7,5.3715487
Be,4,4,8,7.0624356
Be,5,4,9,6.4626693
Be,6,4,10,6.4976306
Be,7,4,11,5.9525402
Be,8,4,12,5.7207223
Be,9,4,13,5.2414359
Be,10,4,14,4.9938973
Be,11,4,15,4.5409708
Be,12,4,16,4.2852851
B,2,5,7,3.5587055
B,3,5,8,4.7171551
B,4,5,9,6.2570713
B,5,5,10,6.4750835
B,6,5,11,6.9277323
B,7,5,12,6.6312237
B,8,5,13,6.4964194
B,9,5,14,6.1016451
B,10,5,15,5.8800438
B,11,5,16,5.5073535
B,12,5,17,5.2696677
B,13,5,18,4.9766306
B,14,5,19,4.7196346
B,15,5,20,4.4056529
B,16,5,21,4.1525265
C,2,6,8,3.1015242
C,3,6,9,4.3374233
C,4,6,10,6.0320426
C,5,6,11,6.6764563
C,6,6,12,7.6801446
C,7,6,13,7.4698495
C,8,6,14,7.5203198
C,9,6,15,7.1001696
C,10,6,16,6.9220546
C,11,6,17,6.5580262
C,12,6,18,6.4261321
C,13,6,19,6.118274
C,14,6,20,5.9614356
C,16,6,22,5.4210778
N,3,7,10,3.6436724
N,4,7,11,5.3584023
N,5,7,12,6.17011
N,6,7,13,7.2388634
N,7,7,14,7.4756148
N,8,7,15,7.6994603
N,9,7,16,7.3737971
N,10,7,17,7.2862294
N,11,7,18,7.0385627
N,12,7,19,6.9485452
N,13,7,20,6.7091717
N,14,7,21,6.6090159
N,15,7,22,6.3785347
N,16,7,23,6.2366721
O,3,8,11,3.1624372
O,4,8,12,4.8819755
O,5,8,13,5.8117636
O,6,8,14,7.0522783
O,7,8,15,7.4636915
O,8,8,16,7.9762072
O,9,8,17,7.7507291
O,10,8,18,7.7670981
O,11,8,19,7.5664952
O,12,8,20,7.5685707
O,13,8,21,7.3893747
O,14,8,22,7.3648722
O,15,8,23,7.1634856
O,16,8,24,7.0396855
O,17,8,25,6.7278058
O,18,8,26,6.497479
F,5,9,14,5.2852091
F,6,9,15,6.4974597
F,7,9,16,6.964049
F,8,9,17,7.5423284
F,9,9,18,7.6316383
F,10,9,19,7.7790192
F,11,9,20,7.7201351
F,12,9,21,7.7382934
F,13,9,22,7.6242954
F,14,9,23,7.6223447
F,15,9,24,7.4635831
F,16,9,25,7.3363065
F,17,9,26,7.0822497
F,18,9,27,6.8796662
F,19,9,28,6.6268567
F,20,9,29,6.4440314
Ne,5,10,15,4.8687285
Ne,6,10,16,6.0831777
Ne,7,10,17,6.6404991
Ne,8,10,18,7.3412577
Ne,9,10,19,7.5673431
Ne,10,10,20,8.0322412
Ne,11,10,21,7.9717136
Ne,12,10,22,8.0804656
Ne,13,10,23,7.9552561
Ne,14,10,24,7.9933252
Ne,15,10,25,7.8397994
Ne,16,10,26,7.751911
Ne,17,10,27,7.5204151
Ne,18,10,28,7.3883463
Ne,19,10,29,7.1670673
Ne,20,10,30,7.0345317
Ne,21,10,31,6.8130902
Na,6,11,17,5.5227653
Na,7,11,18,6.2022176
Na,8,11,19,6.9378864
Na,9,11,20,7.2985028
Na,10,11,21,7.7655581
Na,11,11,22,7.9156624
Na,12,11,23,8.1114936
Na,13,11,24,8.0634882
Na,14,11,25,8.1013979
Na,15,11,26,8.0042013
Na,16,11,27,7.9569467
Na,17,11,28,7.7992644
Na,18,11,29,7.6821522
Na,19,11,30,7.5019685
Na,20,11,31,7.3986778
Na,21,11,32,7.2198815
Na,22,11,33,7.0899262
Na,23,11,34,6.8864377
Mg,7,12,19,5.9014992
Mg,8,12,20,6.7280252
Mg,9,12,21,7.1050317
Mg,10,12,22,7.6627645
Mg,11,12,23,7.9011229
Mg,12,12,24,8.2607103
Mg,13,12,25,8.2235028
Mg,14,12,26,8.3338711
Mg,15,12,27,8.2638525
Mg,16,12,28,8.2724531
Mg,17,12,29,8.1135317
Mg,18,12,30,8.054425
Mg,19,12,31,7.8691886
Mg,20,12,32,7.8038411
Mg,21,12,33,7.6364382
Mg,22,12,34,7.5503919
Mg,23,12,35,7.3562338
Mg,24,12,36,7.2444202
Mg,25,12,37,7.0551115
Al,10,13,23,7.3357275
Al,11,13,24,7.6495806
Al,12,13,25,8.0211366
Al,13,13,26,8.1497653
Al,14,13,27,8.3315533
Al,15,13,28,8.3098969
Al,16,13,29,8.3484647
Al,17,13,30,8.2611049
Al,18,13,31,8.225518
Al,19,13,32,8.1003449
Al,20,13,33,8.0206172
Al,21,13,34,7.8603506
Al,22,13,35,7.7871243
Al,23,13,36,7.6235154
Al,24,13,37,7.531316
Si,10,14,24,7.1672329
Si,11,14,25,7.4801109
Si,12,14,26,7.9247083
Si,13,14,27,8.124342
Si,14,14,28,8.4477445
Si,15,14,29,8.4486361
Si,16,14,30,8.5206549
Si,17,14,31,8.4582916
Si,18,14,32,8.481469
Si,19,14,33,8.3610596
Si,20,14,34,8.3371659
Si,21,14,35,8.1695644
Si,22,14,36,8.1125199
Si,23,14,37,7.9529033
Si,24,14,38,7.8928297
Si,25,14,39,7.7309793
Si,26,14,40,7.6558247
P,12,15,27,7.6610894
P,13,15,28,7.9074842
P,14,15,29,8.2512368
P,15,15,30,8.3535064
P,16,15,31,8.4811677
P,17,15,32,8.4641203
P,18,15,33,8.5138073
P,19,15,34,8.4481856
P,20,15,35,8.4462496
P,21,15,36,8.3078692
P,22,15,37,8.2675561
P,23,15,38,8.1472749
P,24,15,39,8.0979701
P,25,15,40,7.9814177
P,26,15,41,7.9065513
P,27,15,42,7.7659122
S,12,16,28,7.4787911
S,13,16,29,7.7463826
S,14,16,30,8.1227081
S,15,16,31,8.2818013
S,16,16,32,8.4931301
S,17,16,33,8.4976304
S,18,16,34,8.5834986
S,19,16,35,8.5378511
S,20,16,36,8.57539
S,21,16,37,8.4599363
S,22,16,38,8.4487829
S,23,16,39,8.3442698
S,24,16,40,8.3293255
S,25,16,41,8.2296358
S,26,16,42,8.1932275
S,27,16,43,8.0638276
S,28,16,44,7.9960154
Cl,13,17,30,7.4721698
Cl,14,17,31,7.8692101
Cl,15,17,32,8.0724058
Cl,16,17,33,8.3047557
Cl,17,17,34,8.3989706
Cl,18,17,35,8.520279
Cl,19,17,36,8.5219322
Cl,20,17,37,8.5702816
Cl,21,17,38,8.5054817
Cl,22,17,39,8.4944032
Cl,23,17,40,8.427766
Cl,24,17,41,8.4129593
Cl,25,17,42,8.3458864
Cl,26,17,43,8.3238672
Cl,27,17,44,8.2344788
Cl,28,17,45,8.1815991
Cl,29,17,46,8.0807757
Ar,14,18,32,7.7000089
Ar,15,18,33,7.9289559
Ar,16,18,34,8.1976724
Ar,17,18,35,8.3274621
Ar,18,18,36,8.5199096
Ar,19,18,37,8.5271406
Ar,20,18,38,8.6142807
Ar,21,18,39,8.5625988
Ar,22,18,40,8.5952594
Ar,23,18,41,8.5343733
Ar,24,18,42,8.5556141
Ar,25,18,43,8.4882382
Ar,26,18,44,8.4938411
Ar,27,18,45,8.4199526
Ar,28,18,46,8.4123835
Ar,29,18,47,8.311425
Ar,30,18,48,8.2436656
K,16,19,35,7.9658409
K,17,19,36,8.1422233
K,18,19,37,8.339848
K,19,19,38,8.4380593
K,20,19,39,8.5570258
K,21,19,40,8.5380907
K,22,19,41,8.5760731
K,23,19,42,8.5512571
K,24,19,43,8.5762204
K,25,19,44,8.5467023
K,26,19,45,8.5546747
K,27,19,46,8.5180428
K,28,19,47,8.5148795
K,29,19,48,8.4342324
K,30,19,49,8.3722753
K,31,19,50,8.2885833
K,32,19,51,8.221335
K,33,19,52,8.1150303
K,34,19,53,8.0228488
Ca,16,20,36,7.8158799
Ca,17,20,37,8.0034567
Ca,18,20,38,8.2400434
Ca,19,20,39,8.3696711
Ca,20,20,40,8.5513046
Ca,21,20,41,8.5467075
Ca,22,20,42,8.6165646
Ca,23,20,43,8.6006653
Ca,24,20,44,8.6581769
Ca,25,20,45,8.6305467
Ca,26,20,46,8.6689848
Ca,27,20,47,8.6393548
Ca,28,20,48,8.6666916
Ca,29,20,49,8.59485
Ca,30,20,50,8.5501639
Ca,31,20,51,8.4769135
Ca,32,20,52,8.4293821
Ca,33,20,53,8.3305778
Ca,34,20,54,8.2474967
Ca,35,20,55,8.125926
Ca,36,20,56,8.0331654
Sc,18,21,39,8.0134575
Sc,19,21,40,8.1736697
Sc,20,21,41,8.3691979
Sc,21,21,42,8.4449303
Sc,22,21,43,8.5308265
Sc,23,21,44,8.5573805
Sc,24,21,45,8.618941
Sc,25,21,46,8.6220215
Sc,26,21,47,8.6650958
Sc,27,21,48,8.6562097
Sc,28,21,49,8.6862805
Sc,29,21,50,8.6334747
Sc,30,21,51,8.5972213
Sc,31,21,52,8.5346695
Sc,32,21,53,8.4928325
Sc,33,21,54,8.4048115
Sc,34,21,55,8.3333694
Sc,35,21,56,8.2335781
Sc,36,21,57,8.1581666
Sc,37,21,58,8.0549436
Sc,38,21,59,7.9764073
Ti,18,22,40,7.8658632
Ti,19,22,41,8.0343889
Ti,20,22,42,8.25924
Ti,21,22,43,8.3528054
Ti,22,22,44,8.5335215
Ti,23,22,45,8.5557321
Ti,24,22,46,8.6564623
Ti,25,22,47,8.6612325
Ti,26,22,48,8.7230122
Ti,27,22,49,8.7111625
Ti,28,22,50,8.7557227
Ti,29,22,51,8.7089912
Ti,30,22,52,8.6918193
Ti,31,22,53,8.6311256
Ti,32,22,54,8.5996917
Ti,33,22,55,8.5189696
Ti,34,22,56,8.4679495
Ti,35,22,57,8.3729008
Ti,36,22,58,8.307629
Ti,38,22,60,8.1527858
V,20,23,43,8.0695129
V,21,23,44,8.2034567
V,22,23,45,8.3800394
V,23,23,46,8.4861423
V,24,23,47,8.5822348
V,25,23,48,8.6230686
V,26,23,49,8.6829135
V,27,23,50,8.6959032
V,28,23,51,8.7420852
V,29,23,52,8.714569
V,30,23,53,8.7101425
V,31,23,54,8.6621382
V,32,23,55,8.6373391
V,33,23,56,8.5747006
V,34,23,57,8.5351967
V,35,23,58,8.458156
V,36,23,59,8.4038034
V,37,23,60,8.3228751
V,38,23,61,8.2710417
V,39,23,62,8.1877565
V,40,23,63,8.1307809
Cr,20,24,44,7.9496265
Cr,21,24,45,8.0877286
Cr,22,24,46,8.3038233
Cr,23,24,47,8.4072067
Cr,24,24,48,8.5722553
Cr,25,24,49,8.6132777
Cr,26,24,50,8.7010188
Cr,27,24,51,8.7119923
Cr,28,24,52,8.7759946
Cr,29,24,53,8.7602103
Cr,30,24,54,8.7779672
Cr,31,24,55,8.7319362
Cr,32,24,56,8.7232609
Cr,33,24,57,8.6633998
Cr,34,24,58,8.6439987
Cr,35,24,59,8.5685995
Cr,36,24,60,8.5401876
Cr,37,24,61,8.4601734
Cr,38,24,62,8.4273871
Cr,39,24,63,8.3475398
Cr,40,24,64,8.3035626
Mn,21,25,46,7.9160805
Mn,22,25,47,8.1353117
Mn,23,25,48,8.2741924
Mn,24,25,49,8.439915
Mn,25,25,50,8.5326823
Mn,26,25,51,8.6337602
Mn,27,25,52,8.6704087
Mn,28,25,53,8.7341798
Mn,29,25,54,8.7379768
Mn,30,25,55,8.7650247
Mn,31,25,56,8.7383358
Mn,32,25,57,8.7367146
Mn,33,25,58,8.6966438
Mn,34,25,59,8.6809224
Mn,35,25,60,8.6281392
Mn,36,25,61,8.5989157
Mn,37,25,62,8.5385002
Mn,38,25,63,8.505102
Mn,39,25,64,8.4374175
Mn,40,25,65,8.4006822
Mn,41,25,66,8.3317986
Fe,22,26,48,8.0227254
Fe,23,26,49,8.1613121
Fe,24,26,50,8.3540268
Fe,25,26,51,8.4604977
Fe,26,26,52,8.6096079
Fe,27,26,53,8.6487985
Fe,28,26,54,8.7363846
Fe,29,26,55,8.7465981
Fe,30,26,56,8.7903563
Fe,31,26,57,8.7702829
Fe,32,26,58,8.7922534
Fe,33,26,59,8.7547746
Fe,34,26,60,8.7558539
Fe,35,26,61,8.7037686
Fe,36,26,62,8.6928831
Fe,37,26,63,8.6315499
Fe,38,26,64,8.6123888
Fe,39,26,65,8.546347
Fe,40,26,66,8.5217245
Fe,41,26,67,8.4499359
Co,23,27,50,8.0006387
Co,24,27,51,8.1932549
Co,25,27,52,8.3255606
Co,26,27,53,8.4776578
Co,27,27,54,8.5692199
Co,28,27,55,8.6696204
Co,29,27,56,8.6948386
Co,30,27,57,8.7418845
Co,31,27,58,8.7389719
Co,32,27,59,8.7680379
Co,33,27,60,8.7467692
Co,34,27,61,8.756151
Co,35,27,62,8.7213347
Co,36,27,63,8.7177972
Co,37,27,64,8.6755223
Co,38,27,65,8.6568848
Co,39,27,66,8.6059419
Co,40,27,67,8.5817422
Co,41,27,68,8.5201301
Co,42,27,69,8.4954062
Co,43,27,70,8.434198
Co,44,27,71,8.3987344
Ni,24,28,52,8.0838977
Ni,25,28,53,8.2170749
Ni,26,28,54,8.3930328
Ni,27,28,55,8.4973225
Ni,28,28,56,8.6427811
Ni,29,28,57,8.6709364
Ni,30,28,58,8.7320621
Ni,31,28,59,8.7365912
Ni,32,28,60,8.7807769
Ni,33,28,61,8.7650281
Ni,34,28,62,8.7945555
Ni,35,28,63,8.7634955
Ni,36,28,64,8.7774637
Ni,37,28,65,8.7362424
Ni,38,28,66,8.7395086
Ni,39,28,67,8.6957505
Ni,40,28,68,8.6824667
Ni,41,28,69,8.6230998
Ni,42,28,70,8.6042917
Ni,43,28,71,8.5431564
Ni,44,28,72,8.5202118
Ni,45,28,73,8.4576529
Cu,26,29,55,8.233997
Cu,27,29,56,8.3559907
Cu,28,29,57,8.5032646
Cu,29,29,58,8.5709696
Cu,30,29,59,8.6420027
Cu,31,29,60,8.6656047
Cu,32,29,61,8.7155148
Cu,33,29,62,8.7180839
Cu,34,29,63,8.7521404
Cu,35,29,64,8.7390736
Cu,36,29,65,8.7570967
Cu,37,29,66,8.731473
Cu,38,29,67,8.7374597
Cu,39,29,68,8.7018913
Cu,40,29,69,8.6952044
Cu,41,29,70,8.6468655
Cu,42,29,71,8.6350233
Cu,43,29,72,8.5865256
Cu,44,29,73,8.5685699
Cu,45,29,74,8.5215633
Cu,46,29,75,8.4950801
Cu,47,29,76,8.4436018
Cu,48,29,77,8.4112501
Cu,49,29,78,8.3546695
Cu,50,29,79,8.320938
Zn,28,30,58,8.3959467
Zn,29,30,59,8.4737802
Zn,30,30,60,8.5830524
Zn,31,30,61,8.6103098
Zn,32,30,62,8.6793451
Zn,33,30,63,8.6862866
Zn,34,30,64,8.7359057
Zn,35,30,65,8.724266
Zn,36,30,66,8.7596335
Zn,37,30,67,8.7341534
Zn,38,30,68,8.755682
Zn,39,30,69,8.7227311
Zn,40,30,70,8.7298086
Zn,41,30,71,8.6890417
Zn,42,30,72,8.6918053
Zn,43,30,73,8.6483455
Zn,44,30,74,8.6427547
Zn,45,30,75,8.5924981
Zn,46,30,76,8.5822735
Zn,47,30,77,8.5300037
Zn,48,30,78,8.50738
Zn,49,30,79,8.4505825
Zn,50,30,80,8.4235457
Zn,51,30,81,8.3519262
Zn,52,30,82,8.3011175
Ga,30,31,61,8.4464313
Ga,31,31,62,8.5186449
Ga,32,31,63,8.5839267
Ga,33,31,64,8.6116317
Ga,34,31,65,8.6621601
Ga,35,31,66,8.6693631
Ga,36,31,67,8.707533
Ga,37,31,68,8.7012195
Ga,38,31,69,8.7245798
Ga,39,31,70,8.7092808
Ga,40,31,71,8.717605
Ga,41,31,72,8.6870893
Ga,42,31,73,8.693874
Ga,43,31,74,8.6631676
Ga,44,31,75,8.6607565
Ga,45,31,76,8.6245272
Ga,46,31,77,8.6133907
Ga,47,31,78,8.5771043
Ga,48,31,79,8.5560725
Ga,49,31,80,8.5084545
Ga,50,31,81,8.4833576
Ga,51,31,82,8.4210494
Ga,52,31,83,8.3725756
Ga,53,31,84,8.307525
Ga,54,31,85,8.2535687
Ge,31,32,63,8.4187167
Ge,32,32,64,8.5288243
Ge,33,32,65,8.5550584
Ge,34,32,66,8.6254383
Ge,35,32,67,8.6330884
Ge,36,32,68,8.6881371
Ge,37,32,69,8.680964
Ge,38,32,70,8.7217028
Ge,39,32,71,8.7033118
Ge,40,32,72,8.7317459
Ge,41,32,73,8.70505
Ge,42,32,74,8.7252011
Ge,43,32,75,8.6956096
Ge,44,32,76,8.7052364
Ge,45,32,77,8.6710293
Ge,46,32,78,8.6716636
Ge,47,32,79,8.6345089
Ge,48,32,80,8.6275707
Ge,49,32,81,8.5806587
Ge,50,32,82,8.5637567
Ge,51,32,83,8.5043462
Ge,52,32,84,8.4655244
Ge,53,32,85,8.4017689
Ge,54,32,86,8.35463
As,32,33,65,8.3962351
As,33,33,66,8.4684034
As,34,33,67,8.5305685
As,35,33,68,8.5577457
As,36,33,69,8.6118214
As,37,33,70,8.6215541
As,38,33,71,8.663935
As,39,33,72,8.6603786
As,40,33,73,8.6896099
As,41,33,74,8.680002
As,42,33,75,8.7008748
As,43,33,76,8.6828172
As,44,33,77,8.6959789
As,45,33,78,8.673876
As,46,33,79,8.6766172
As,47,33,80,8.6512824
As,48,33,81,8.6480571
As,49,33,82,8.6114153
As,50,33,83,8.599654
As,51,33,84,8.5479385
As,52,33,85,8.5109851
As,53,33,86,8.4567215
As,54,33,87,8.4138521
Se,33,34,67,8.3695344
Se,34,34,68,8.4770482
Se,35,34,69,8.5037082
Se,36,34,70,8.5760338
Se,37,34,71,8.5860606
Se,38,34,72,8.6444902
Se,39,34,73,8.6415591
Se,40,34,74,8.6877155
Se,41,34,75,8.6789139
Se,42,34,76,8.7114781
Se,43,34,77,8.6946908
Se,44,34,78,8.7178072
Se,45,34,79,8.6955923
Se,46,34,80,8.7108142
Se,47,34,81,8.6859998
Se,48,34,82,8.6931973
Se,49,34,83,8.658556
Se,50,34,84,8.6587935
Se,51,34,85,8.6103045
Se,52,34,86,8.5818224
Se,53,34,87,8.529092
Se,54,34,88,8.4950045
Se,55,34,89,8.4352799
Se,56,34,90,8.3957672
Se,57,34,91,8.3348382
Br,34,35,69,8.3449026
Br,35,35,70,8.4147964
Br,36,35,71,8.4814629
Br,37,35,72,8.5113126
Br,38,35,73,8.5680803
Br,39,35,74,8.5835615
Br,40,35,75,8.6276497
Br,41,35,76,8.635883
Br,42,35,77,8.6668073
Br,43,35,78,8.6619594
Br,44,35,79,8.6875956
Br,45,35,80,8.6776541
Br,46,35,81,8.6959465
Br,47,35,82,8.6824953
Br,48,35,83,8.6933852
Br,49,35,84,8.6713294
Br,50,35,85,8.6735926
Br,51,35,86,8.6323659
Br,52,35,87,8.6059105
Br,53,35,88,8.5637479
Br,54,35,89,8.5307802
Br,55,35,90,8.4781865
Br,56,35,91,8.4419242
Br,57,35,92,8.3849123
Br,58,35,93,8.3455986
Kr,35,36,71,8.327131
Kr,36,36,72,8.4293193
Kr,37,36,73,8.4601847
Kr,38,36,74,8.533039
Kr,39,36,75,8.5534399
Kr,40,36,76,8.6088077
Kr,41,36,77,8.616837
Kr,42,36,78,8.6612385
Kr,43,36,79,8.657113
Kr,44,36,80,8.6929301
Kr,45,36,81,8.6828206
Kr,46,36,82,8.7106754
Kr,47,36,83,8.6957295
Kr,48,36,84,8.7174473
Kr,49,36,85,8.6985633
Kr,50,36,86,8.7120295
Kr,51,36,87,8.675284
Kr,52,36,88,8.6568499
Kr,53,36,89,8.6148158
Kr,54,36,90,8.5912599
Kr,55,36,91,8.5417519
Kr,56,36,92,8.512675
Kr,57,36,93,8.4581085
Kr,58,36,94,8.4243318
Kr,59,36,95,8.3659963
Kr,60,36,96,8.3308721
Kr,61,36,97,8.2698645
Rb,36,37,73,8.3050821
Rb,37,37,74,8.3817123
Rb,38,37,75,8.4482762
Rb,39,37,76,8.4862161
Rb,40,37,77,8.5373396
Rb,41,37,78,8.5583512
Rb,42,37,79,8.6011401
Rb,43,37,80,8.611676
Rb,44,37,81,8.6455139
Rb,45,37,82,8.6474275
Rb,46,37,83,8.6752193
Rb,47,37,84,8.6762244
Rb,48,37,85,8.6974416
Rb,49,37,86,8.6969014
Rb,50,37,87,8.7109843
Rb,51,37,88,8.6811154
Rb,52,37,89,8.6641895
Rb,53,37,90,8.6315262
Rb,54,37,91,8.6075621
Rb,55,37,92,8.5694225
Rb,56,37,93,8.5409209
Rb,57,37,94,8.4927644
Rb,58,37,95,8.4601967
Rb,59,37,96,8.4088963
Rb,60,37,97,8.3761872
Rb,61,37,98,8.3307294
Rb,62,37,99,8.295301
Rb,63,37,100,8.2445085
Rb,64,37,101,8.2061753
Rb,65,37,102,8.1527443
Sr,37,38,75,8.2965116
Sr,38,38,76,8.3939294
Sr,39,38,77,8.4359188
Sr,40,38,78,8.5000971
Sr,41,38,79,8.5238558
Sr,42,38,80,8.5785966
Sr,43,38,81,8.5873545
Sr,44,38,82,8.635719
Sr,45,38,83,8.6384076
Sr,46,38,84,8.6775132
Sr,47,38,85,8.6757193
Sr,48,38,86,8.7084566
Sr,49,38,87,8.7052363
Sr,50,38,88,8.7325958
Sr,51,38,89,8.705923
Sr,52,38,90,8.6960043
Sr,53,38,91,8.6638759
Sr,54,38,92,8.648907
Sr,55,38,93,8.6127875
Sr,56,38,94,8.5938344
Sr,57,38,95,8.5490875
Sr,58,38,96,8.5212041
Sr,59,38,97,8.4718489
Sr,60,38,98,8.4457385
Sr,61,38,99,8.4025235
Sr,62,38,100,8.3722012
Sr,63,38,101,8.3247411
Sr,64,38,102,8.2912213
Y,40,39,79,8.4167788
Y,41,39,80,8.4542759
Y,42,39,81,8.5059031
Y,43,39,82,8.5292762
Y,44,39,83,8.5736571
Y,45,39,84,8.5877812
Y,46,39,85,8.6281486
Y,47,39,86,8.6384293
Y,48,39,87,8.6748451
Y,49,39,88,8.6825396
Y,50,39,89,8.714011
Y,51,39,90,8.6933778
Y,52,39,91,8.6849421
Y,53,39,92,8.6615894
Y,54,39,93,8.6489054
Y,55,39,94,8.6228068
Y,56,39,95,8.6049644
Y,57,39,96,8.5694269
Y,58,39,97,8.5414616
Y,59,39,98,8.4976162
Y,60,39,99,8.4766938
Y,61,39,100,8.4394151
Y,62,39,101,8.4133305
Y,63,39,102,8.3719172
Y,64,39,103,8.3426336
Zr,41,40,81,8.3951519
Zr,42,40,82,8.4654666
Zr,43,40,83,8.4883997
Zr,44,40,84,8.5490301
Zr,45,40,85,8.5640394
Zr,46,40,86,8.6140523
Zr,47,40,87,8.6236545
Zr,48,40,88,8.6660339
Zr,49,40,89,8.6733865
Zr,50,40,90,8.7099699
Zr,51,40,91,8.6933149
Zr,52,40,92,8.6926783
Zr,53,40,93,8.6716207
Zr,54,40,94,8.6668016
Zr,55,40,95,8.6435924
Zr,56,40,96,8.6353283
Zr,57,40,97,8.6037182
Zr,58,40,98,8.5813984
Zr,59,40,99,8.539225
Zr,60,40,100,8.5221066
Zr,61,40,101,8.4858439
Zr,62,40,102,8.466294
Zr,63,40,103,8.4258337
Zr,64,40,104,8.4023159
Zr,65,40,105,8.358598
Nb,42,41,83,8.3789889
Nb,43,41,84,8.4179563
Nb,44,41,85,8.4737117
Nb,45,41,86,8.5022231
Nb,46,41,87,8.5517579
Nb,47,41,88,8.5724013
Nb,48,41,89,8.6168184
Nb,49,41,90,8.633377
Nb,50,41,91,8.6708983
Nb,51,41,92,8.6623731
Nb,52,41,93,8.6641849
Nb,53,41,94,8.6489014
Nb,54,41,95,8.6472133
Nb,55,41,96,8.6288868
Nb,56,41,97,8.6231384
Nb,57,41,98,8.5963016
Nb,58,41,99,8.5789859
Nb,59,41,100,8.5484683
Nb,60,41,101,8.5348355
Nb,61,41,102,8.5048675
Nb,62,41,103,8.488332
Nb,63,41,104,8.4533832
Nb,64,41,105,8.4316925
Nb,65,41,106,8.3932657
Nb,66,41,107,8.3670898
Nb,67,41,108,8.3256604
Nb,68,41,109,8.2971307
Nb,69,41,110,8.2552607
Mo,43,42,85,8.361332
Mo,44,42,86,8.4347175
Mo,45,42,87,8.4624243
Mo,46,42,88,8.5239087
Mo,47,42,89,8.5449851
Mo,48,42,90,8.5970285
Mo,49,42,91,8.6136286
Mo,50,42,92,8.6577312
Mo,51,42,93,8.6514095
Mo,52,42,94,8.6623341
Mo,53,42,95,8.6487212
Mo,54,42,96,8.653988
Mo,55,42,97,8.6350926
Mo,56,42,98,8.6351691
Mo,57,42,99,8.6077982
Mo,58,42,100,8.6046626
Mo,59,42,101,8.5729159
Mo,60,42,102,8.5683994
Mo,61,42,103,8.5382672
Mo,62,42,104,8.5279063
Mo,63,42,105,8.494863
Mo,64,42,106,8.4795202
Mo,65,42,107,8.442219
Mo,66,42,108,8.4221581
Mo,67,42,109,8.3814163
Mo,68,42,110,8.359293
Mo,69,42,111,8.3152932
Tc,44,43,87,8.3477449
Tc,45,43,88,8.3898338
Tc,46,43,89,8.4505758
Tc,47,43,90,8.48336
Tc,48,43,91,8.5366558
Tc,49,43,92,8.563544
Tc,50,43,93,8.6085782
Tc,51,43,94,8.6087373
Tc,52,43,95,8.6226911
Tc,53,43,96,8.6148673
Tc,54,43,97,8.6237254
Tc,55,43,98,8.6100047
Tc,56,43,99,8.6136105
Tc,57,43,100,8.5951184
Tc,58,43,101,8.5931366
Tc,59,43,102,8.5706514
Tc,60,43,103,8.5661045
Tc,61,43,104,8.541107
Tc,62,43,105,8.5346074
Tc,63,43,106,8.506557
Tc,64,43,107,8.4928979
Tc,65,43,108,8.4628172
Tc,66,43,109,8.4441796
Tc,67,43,110,8.4112603
Tc,68,43,111,8.3900906
Tc,69,43,112,8.3536217
Tc,70,43,113,8.3294652
Tc,71,43,114,8.2902599
Ru,45,44,89,8.340376
Ru,46,44,90,8.4097684
Ru,47,44,91,8.4429287
Ru,48,44,92,8.504774
Ru,49,44,93,8.5314627
Ru,50,44,94,8.583662
Ru,51,44,95,8.5874706
Ru,52,44,96,8.609413
Ru,53,44,97,8.6042799
Ru,54,44,98,8.620314
Ru,55,44,99,8.6087132
Ru,56,44,100,8.6193593
Ru,57,44,101,8.601366
Ru,58,44,102,8.6074275
Ru,59,44,103,8.5843656
Ru,60,44,104,8.5873998
Ru,61,44,105,8.5619016
Ru,62,44,106,8.5609406
Ru,63,44,107,8.5333676
Ru,64,44,108,8.5272267
Ru,65,44,109,8.496228
Ru,66,44,110,8.4863123
Ru,67,44,111,8.4529582
Ru,68,44,112,8.4392431
Ru,69,44,113,8.4026857
Ru,70,44,114,8.3853351
Ru,71,44,115,8.346814
Ru,72,44,116,8.326884
Ru,73,44,117,8.2855625
Rh,47,45,92,8.3734211
Rh,48,45,93,8.4348255
Rh,49,45,94,8.4724033
Rh,50,45,95,8.5253707
Rh,51,45,96,8.5346735
Rh,52,45,97,8.5598949
Rh,53,45,98,8.5608038
Rh,54,45,99,8.5801959
Rh,55,45,100,8.5751732
Rh,56,45,101,8.5882172
Rh,57,45,102,8.5769818
Rh,58,45,103,8.5841927
Rh,59,45,104,8.5689501
Rh,60,45,105,8.5727053
Rh,61,45,106,8.5539317
Rh,62,45,107,8.554104
Rh,63,45,108,8.5326657
Rh,64,45,109,8.5281404
Rh,65,45,110,8.5042551
Rh,66,45,111,8.4956267
Rh,67,45,112,8.4688666
Rh,68,45,113,8.4568165
Rh,69,45,114,8.4266221
Rh,70,45,115,8.4106538
Rh,71,45,116,8.3776123
Rh,72,45,117,8.3592766
Rh,73,45,118,8.3228539
Rh,74,45,119,8.3033953
Rh,76,45,121,8.2452397
Pd,46,46,92,8.2755695
Pd,47,46,93,8.3185637
Pd,48,46,94,8.3916832
Pd,49,46,95,8.4289807
Pd,50,46,96,8.4900207
Pd,51,46,97,8.5024303
Pd,52,46,98,8.5338999
Pd,53,46,99,8.5379332
Pd,54,46,100,8.5635652
Pd,55,46,101,8.5608644
Pd,56,46,102,8.5802887
Pd,57,46,103,8.5710173
Pd,58,46,104,8.5848485
Pd,59,46,105,8.5706509
Pd,60,46,106,8.5799934
Pd,61,46,107,8.5608946
Pd,62,46,108,8.5670241
Pd,63,46,109,8.5448825
Pd,64,46,110,8.547163
Pd,65,46,111,8.5217498
Pd,66,46,112,8.5207205
Pd,67,46,113,8.4925795
Pd,68,46,114,8.4880056
Pd,69,46,115,8.4577342
Pd,70,46,116,8.4492755
Pd,71,46,117,8.4169243
Pd,72,46,118,8.4052197
Pd,73,46,119,8.3689594
Pd,74,46,120,8.3570817
Pd,75,46,121,8.3208584
Pd,76,46,122,8.3059755
Pd,77,46,123,8.2700318
Ag,49,47,96,8.3602903
Ag,50,47,97,8.4232121
Ag,51,47,98,8.4416866
Ag,52,47,99,8.4747744
Ag,53,47,100,8.4849947
Ag,54,47,101,8.5125465
Ag,55,47,102,8.517165
Ag,56,47,103,8.537652
Ag,57,47,104,8.536185
Ag,58,47,105,8.5503708
Ag,59,47,106,8.5446397
Ag,60,47,107,8.5539012
Ag,61,47,108,8.5420262
Ag,62,47,109,8.5479155
Ag,63,47,110,8.5321089
Ag,64,47,111,8.5347878
Ag,65,47,112,8.5160807
Ag,66,47,113,8.516066
Ag,67,47,114,8.4937786
Ag,68,47,115,8.4905553
Ag,69,47,116,8.4659073
Ag,70,47,117,8.4594515
Ag,71,47,118,8.43389
Ag,72,47,119,8.4232126
Ag,73,47,120,8.3953281
Ag,74,47,121,8.3823306
Ag,75,47,122,8.3527591
Ag,76,47,123,8.3379707
Ag,77,47,124,8.3088958
Ag,78,47,125,8.2933151
Cd,49,48,97,8.3103013
Cd,50,48,98,8.3782953
Cd,51,48,99,8.3983734
Cd,52,48,100,8.4377375
Cd,53,48,101,8.4503657
Cd,54,48,102,8.4841322
Cd,55,48,103,8.4897547
Cd,56,48,104,8.5176232
Cd,57,48,105,8.5168532
Cd,58,48,106,8.5390492
Cd,59,48,107,8.5333524
Cd,60,48,108,8.5500196
Cd,61,48,109,8.5387646
Cd,62,48,110,8.5512755
Cd,63,48,111,8.5370801
Cd,64,48,112,8.5447306
Cd,65,48,113,8.5269874
Cd,66,48,114,8.5315135
Cd,67,48,115,8.5107252
Cd,68,48,116,8.5123511
Cd,69,48,117,8.488974
Cd,70,48,118,8.487835
Cd,71,48,119,8.4614381
Cd,72,48,120,8.458024
Cd,73,48,121,8.4309972
Cd,74,48,122,8.4242667
Cd,75,48,123,8.3953955
Cd,76,48,124,8.3870179
Cd,77,48,125,8.3576815
Cd,78,48,126,8.3467393
Cd,79,48,127,8.3168971
Cd,80,48,128,8.3032367
Cd,81,48,129,8.2695311
Cd,82,48,130,8.2525868
Cd,83,48,131,8.2061204
Cd,84,48,132,8.1691421
In,51,49,100,8.3297495
In,52,49,101,8.370426
In,53,49,102,8.3885719
In,54,49,103,8.4237199
In,55,49,104,8.435238
In,56,49,105,8.4647045
In,57,49,106,8.4701213
In,58,49,107,8.4940439
In,59,49,108,8.4952516
In,60,49,109,8.5131027
In,61,49,110,8.5089087
In,62,49,111,8.5222824
In,63,49,112,8.5146674
In,64,49,113,8.5229297
In,65,49,114,8.5119742
In,66,49,115,8.5165472
In,67,49,116,8.5016177
In,68,49,117,8.5038653
In,69,49,118,8.485667
In,70,49,119,8.4861387
In,71,49,120,8.4662575
In,72,49,121,8.4638767
In,73,49,122,8.4421079
In,74,49,123,8.4379362
In,75,49,124,8.4143243
In,76,49,125,8.4079365
In,77,49,126,8.3846067
In,78,49,127,8.3748212
In,79,49,128,8.3514361
In,80,49,129,8.338759
In,81,49,130,8.314176
In,82,49,131,8.2979544
In,83,49,132,8.2537162
Sn,50,50,100,8.251626
Sn,51,50,101,8.281103
Sn,52,50,102,8.3244313
Sn,54,50,104,8.3839114
Sn,55,50,105,8.397229
Sn,56,50,106,8.4320383
Sn,57,50,107,8.4394946
Sn,58,50,108,8.4690273
Sn,59,50,109,8.4705183
Sn,60,50,110,8.4960875
Sn,61,50,111,8.493131
Sn,62,50,112,8.5136189
Sn,63,50,113,8.5068117
Sn,64,50,114,8.5225671
Sn,65,50,115,8.5140702
Sn,66,50,116,8.5231166
Sn,67,50,117,8.509612
Sn,68,50,118,8.5165341
Sn,69,50,119,8.4994494
Sn,70,50,120,8.504488
Sn,71,50,121,8.4851964
Sn,72,50,122,8.4878968
Sn,73,50,123,8.4672313
Sn,74,50,124,8.4673997
Sn,75,50,125,8.4455285
Sn,76,50,126,8.4435227
Sn,77,50,127,8.4205482
Sn,78,50,128,8.4169749
Sn,79,50,129,8.3928161
Sn,80,50,130,8.386817
Sn,81,50,131,8.3625183
Sn,82,50,132,8.3548726
Sn,83,50,133,8.310089
Sn,84,50,134,8.2751719
Sn,85,50,135,8.2306877
Sb,54,51,105,8.3009923
Sb,55,51,106,8.3220124
Sb,56,51,107,8.3587344
Sb,57,51,108,8.3726666
Sb,58,51,109,8.4048161
Sb,59,51,110,8.4126821
Sb,60,51,111,8.4401203
Sb,61,51,112,8.443633
Sb,62,51,113,8.4652762
Sb,63,51,114,8.4625191
Sb,64,51,115,8.4809156
Sb,65,51,116,8.4758208
Sb,66,51,117,8.4878981
Sb,67,51,118,8.4789156
Sb,68,51,119,8.4879218
Sb,69,51,120,8.47563
Sb,70,51,121,8.4820574
Sb,71,51,122,8.4683222
Sb,72,51,123,8.4723196
Sb,73,51,124,8.4561517
Sb,74,51,125,8.4581612
Sb,75,51,126,8.4403136
Sb,76,51,127,8.439811
Sb,77,51,128,8.4207724
Sb,78,51,129,8.4180598
Sb,79,51,130,8.3973641
Sb,80,51,131,8.3925525
Sb,81,51,132,8.3723452
Sb,82,51,133,8.3647302
Sb,83,51,134,8.3259398
Sb,84,51,135,8.2919894
Sb,85,51,136,8.2522533
Sb,86,51,137,8.2184764
Te,52,52,104,8.1573256
Te,53,52,105,8.1868368
Te,54,52,106,8.2367682
Te,56,52,108,8.3037221
Te,57,52,109,8.3193305
Te,58,52,110,8.358116
Te,59,52,111,8.3677635
Te,60,52,112,8.4006527
Te,61,52,113,8.4046366
Te,62,52,114,8.4327885
Te,63,52,115,8.4311504
Te,64,52,116,8.4556435
Te,65,52,117,8.4509203
Te,66,52,118,8.469697
Te,67,52,119,8.4620785
Te,68,52,120,8.4769857
Te,69,52,121,8.4668641
Te,70,52,122,8.4781315
Te,71,52,123,8.465537
Te,72,52,124,8.4732705
Te,73,52,125,8.4580361
Te,74,52,126,8.4632397
Te,75,52,127,8.446109
Te,76,52,128,8.4487536
Te,77,52,129,8.4304098
Te,78,52,130,8.4303251
Te,79,52,131,8.4112339
Te,80,52,132,8.4084859
Te,81,52,133,8.3890255
Te,82,52,134,8.3836442
Te,83,52,135,8.3457384
Te,84,52,136,8.3194301
Te,85,52,137,8.2802357
Te,86,52,138,8.2525786
Te,87,52,139,8.2117716
Te,88,52,140,8.1833567
I,56,53,109,8.2200164
I,57,53,110,8.2440767
I,58,53,111,8.2829343
I,59,53,112,8.2998801
I,60,53,113,8.3337528
I,61,53,114,8.344779
I,62,53,115,8.3745651
I,63,53,116,8.3812858
I,64,53,117,8.4044307
I,65,53,118,8.4061203
I,66,53,119,8.4268924
I,67,53,120,8.4236745
I,68,53,121,8.4414111
I,69,53,122,8.4370139
I,70,53,123,8.4491896
I,71,53,124,8.4414807
I,72,53,125,8.4502911
I,73,53,126,8.4399379
I,74,53,127,8.445482
I,75,53,128,8.4328309
I,76,53,129,8.4359908
I,77,53,130,8.4211011
I,78,53,131,8.4222977
I,79,53,132,8.4064628
I,80,53,133,8.4050993
I,81,53,134,8.3890722
I,82,53,135,8.3847609
I,83,53,136,8.3513242
I,84,53,137,8.3260033
I,85,53,138,8.292445
I,86,53,139,8.26561
I,87,53,140,8.229474
I,88,53,141,8.2022562
I,89,53,142,8.1652517
Xe,54,54,108,8.0748886
Xe,55,54,109,8.1073071
Xe,56,54,110,8.1592808
Xe,58,54,112,8.2300646
Xe,59,54,113,8.2479277
Xe,60,54,114,8.2892054
Xe,61,54,115,8.3009704
Xe,62,54,116,8.3368365
Xe,63,54,117,8.3442976
Xe,64,54,118,8.3749819
Xe,65,54,119,8.378442
Xe,66,54,120,8.4040322
Xe,67,54,121,8.4038326
Xe,68,54,122,8.4246644
Xe,69,54,123,8.4209239
Xe,70,54,124,8.4376138
Xe,71,54,125,8.430939
Xe,72,54,126,8.4435375
Xe,73,54,127,8.4341066
Xe,74,54,128,8.4433008
Xe,75,54,129,8.4313904
Xe,76,54,130,8.4377314
Xe,77,54,131,8.4237367
Xe,78,54,132,8.4276229
Xe,79,54,133,8.4126477
Xe,80,54,134,8.4136994
Xe,81,54,135,8.3984783
Xe,82,54,136,8.3961889
Xe,83,54,137,8.3642865
Xe,84,54,138,8.3446913
Xe,85,54,139,8.3115904
Xe,86,54,140,8.2908875
Xe,87,54,141,8.2553647
Xe,88,54,142,8.2331695
Xe,89,54,143,8.1968855
Xe,90,54,144,8.1728845
Xe,91,54,145,8.1350877
Xe,92,54,146,8.1104154
Cs,58,55,113,8.148623
Cs,59,55,114,8.1735711
Cs,62,55,117,8.2718652
Cs,63,55,118,8.2864053
Cs,64,55,119,8.3173347
Cs,65,55,120,8.3284811
Cs,66,55,121,8.3529152
Cs,67,55,122,8.3591515
Cs,68,55,123,8.3803796
Cs,69,55,124,8.3835114
Cs,70,55,125,8.3998033
Cs,71,55,126,8.3992673
Cs,72,55,127,8.4115617
Cs,73,55,128,8.4064953
Cs,74,55,129,8.4160465
Cs,75,55,130,8.4087848
Cs,76,55,131,8.4150317
Cs,77,55,132,8.4055878
Cs,78,55,133,8.4099786
Cs,79,55,134,8.398647
Cs,80,55,135,8.4013393
Cs,81,55,136,8.3897723
Cs,82,55,137,8.3889581
Cs,83,55,138,8.3601437
Cs,84,55,139,8.3423397
Cs,85,55,140,8.3143227
Cs,86,55,141,8.2943554
Cs,87,55,142,8.2648777
Cs,88,55,143,8.2436707
Cs,89,55,144,8.2118894
Cs,90,55,145,8.1887342
Cs,91,55,146,8.1554365
Cs,92,55,147,8.131801
Cs,93,55,148,8.0975469
Ba,58,56,114,8.0896865
Ba,61,56,117,8.1879546
Ba,63,56,119,8.2459287
Ba,64,56,120,8.2802949
Ba,65,56,121,8.2939083
Ba,66,56,122,8.3237567
Ba,67,56,123,8.3302086
Ba,68,56,124,8.3558209
Ba,69,56,125,8.3581784
Ba,70,56,126,8.3797187
Ba,71,56,127,8.378456
Ba,72,56,128,8.3959878
Ba,73,56,129,8.3910811
Ba,74,56,130,8.405513
Ba,75,56,131,8.3985511
Ba,76,56,132,8.4093747
Ba,77,56,133,8.4002059
Ba,78,56,134,8.4081731
Ba,79,56,135,8.3975345
Ba,80,56,136,8.4027566
Ba,81,56,137,8.3918288
Ba,82,56,138,8.3934222
Ba,83,56,139,8.3670194
Ba,84,56,140,8.35315
Ba,85,56,141,8.3260774
Ba,86,56,142,8.3109718
Ba,87,56,143,8.2819878
Ba,88,56,144,8.2654549
Ba,89,56,145,8.2347991
Ba,90,56,146,8.2155293
Ba,91,56,147,8.1832405
Ba,92,56,148,8.1641118
Ba,93,56,149,8.1318495
Ba,94,56,150,8.1118405
La,67,57,124,8.2782926
La,68,57,125,8.3046438
La,69,57,126,8.3124268
La,70,57,127,8.3335412
La,71,57,128,8.3371904
La,72,57,129,8.3560449
La,73,57,130,8.3561919
La,74,57,131,8.3703676
La,75,57,132,8.3677559
La,76,57,133,8.3788415
La,77,57,134,8.3744888
La,78,57,135,8.3827972
La,79,57,136,8.3760512
La,80,57,137,8.3818807
La,81,57,138,8.3750835
La,82,57,139,8.3779987
La,83,57,140,8.3550201
La,84,57,141,8.343205
La,85,57,142,8.3208263
La,86,57,143,8.3061271
La,87,57,144,8.2814283
La,88,57,145,8.2660873
La,89,57,146,8.2399988
La,90,57,147,8.2215536
La,91,57,148,8.1937165
La,92,57,149,8.1761915
La,93,57,150,8.1494339
La,94,57,151,8.1290436
Ce,68,58,126,8.2732581
Ce,69,58,127,8.2807922
Ce,70,58,128,8.3069259
Ce,71,58,129,8.3109411
Ce,72,58,130,8.3332164
Ce,73,58,131,8.3333969
Ce,74,58,132,8.3523223
Ce,75,58,133,8.3498301
Ce,76,58,134,8.3657716
Ce,77,58,135,8.3619861
Ce,78,58,136,8.3737624
Ce,79,58,137,8.3672497
Ce,80,58,138,8.3770408
Ce,81,58,139,8.3704664
Ce,82,58,140,8.3763045
Ce,83,58,141,8.3553956
Ce,84,58,142,8.34707
Ce,85,58,143,8.3246765
Ce,86,58,144,8.3147612
Ce,87,58,145,8.2898762
Ce,88,58,146,8.2785081
Ce,89,58,147,8.2525274
Ce,90,58,148,8.2403876
Ce,91,58,149,8.2142294
Ce,92,58,150,8.201123
Ce,93,58,151,8.1762779
Pr,69,59,128,8.2289141
Pr,70,59,129,8.2543808
Pr,71,59,130,8.2637565
Pr,72,59,131,8.2861439
Pr,73,59,132,8.2915377
Pr,74,59,133,8.3102588
Pr,75,59,134,8.3128817
Pr,76,59,135,8.3289284
Pr,77,59,136,8.3300089
Pr,78,59,137,8.3417074
Pr,79,59,138,8.3392195
Pr,80,59,139,8.3495208
Pr,81,59,140,8.3465163
Pr,82,59,141,8.3539852
Pr,83,59,142,8.3363032
Pr,84,59,143,8.329428
Pr,85,59,144,8.3115411
Pr,86,59,145,8.3021285
Pr,87,59,146,8.280325
Pr,88,59,147,8.27054
Pr,89,59,148,8.2495409
Pr,90,59,149,8.238304
Pr,91,59,150,8.2189316
Pr,92,59,151,8.2078824
Pr,93,59,152,8.1871049
Pr,94,59,153,8.1720371
Pr,95,59,154,8.1472994
Pr,96,59,155,8.1310398
Pr,97,59,156,8.1052337
Pr,98,59,157,8.085817
Nd,70,60,130,8.2225136
Nd,71,60,131,8.2303045
Nd,72,60,132,8.2568104
Nd,73,60,133,8.262232
Nd,74,60,134,8.2855391
Nd,75,60,135,8.2881536
Nd,76,60,136,8.3085127
Nd,77,60,137,8.3095892
Nd,78,60,138,8.3254946
Nd,79,60,139,8.3236642
Nd,80,60,140,8.337864
Nd,81,60,141,8.3355074
Nd,82,60,142,8.346031
Nd,83,60,143,8.3304893
Nd,84,60,144,8.3269237
Nd,85,60,145,8.3091883
Nd,86,60,146,8.3040927
Nd,87,60,147,8.2836036
Nd,88,60,148,8.2771778
Nd,89,60,149,8.2554437
Nd,90,60,150,8.2495789
Nd,91,60,151,8.2302741
Nd,92,60,152,8.2240078
Nd,93,60,153,8.2045832
Nd,94,60,154,8.1923491
Nd,95,60,155,8.170305
Nd,96,60,156,8.1563265
Nd,97,60,157,8.1321671
Nd,98,60,158,8.1149529
Nd,99,60,159,8.0888224
Nd,100,60,160,8.0699662
Pm,72,61,133,8.2042841
Pm,73,61,134,8.2134131
Pm,74,61,135,8.2367933
Pm,75,61,136,8.2437207
Pm,76,61,137,8.2636516
Pm,77,61,138,8.2683558
Pm,78,61,139,8.2855473
Pm,79,61,140,8.2890958
Pm,80,61,141,8.3039405
Pm,81,61,142,8.3066587
Pm,82,61,143,8.3177341
Pm,83,61,144,8.3052969
Pm,84,61,145,8.3026583
Pm,85,61,146,8.288655
Pm,86,61,147,8.2843712
Pm,87,61,148,8.2682283
Pm,88,61,149,8.2615277
Pm,89,61,150,8.2438125
Pm,90,61,151,8.2412723
Pm,91,61,152,8.2261293
Pm,92,61,153,8.2211536
Pm,93,61,154,8.204717
Pm,94,61,155,8.1952977
Pm,95,61,156,8.1767263
Pm,96,61,157,8.1641458
Pm,97,61,158,8.1433622
Pm,98,61,159,8.1268601
Pm,99,61,160,8.1036398
Pm,100,61,161,8.0859977
Sm,73,62,135,8.177627
Sm,74,62,136,8.2059165
Sm,75,62,137,8.2135527
Sm,76,62,138,8.2379286
Sm,77,62,139,8.2430786
Sm,78,62,140,8.2638211
Sm,79,62,141,8.265846
Sm,80,62,142,8.2859407
Sm,81,62,143,8.2881825
Sm,82,62,144,8.30368
Sm,83,62,145,8.2930139
Sm,84,62,146,8.2938581
Sm,85,62,147,8.2805734
Sm,86,62,148,8.2796326
Sm,87,62,149,8.2634683
Sm,88,62,150,8.2616235
Sm,89,62,151,8.2439735
Sm,90,62,152,8.2440645
Sm,91,62,153,8.2285373
Sm,92,62,154,8.2268379
Sm,93,62,155,8.2112258
Sm,94,62,156,8.2050054
Sm,95,62,157,8.1870642
Sm,96,62,158,8.1773075
Sm,97,62,159,8.1574963
Sm,98,62,160,8.1446159
Sm,99,62,161,8.1220418
Sm,100,62,162,8.1075745
Sm,101,62,163,8.0841653
Sm,102,62,164,8.0677803
Eu,74,63,137,8.1505738
Eu,75,63,138,8.1616211
Eu,76,63,139,8.1872187
Eu,77,63,140,8.197733
Eu,78,63,141,8.2176853
Eu,79,63,142,8.226396
Eu,80,63,143,8.2458177
Eu,81,63,144,8.2541744
Eu,82,63,145,8.2692744
Eu,83,63,146,8.2619327
Eu,84,63,147,8.2635409
Eu,85,63,148,8.2538155
Eu,86,63,149,8.253556
Eu,87,63,150,8.2413481
Eu,88,63,151,8.2392998
Eu,89,63,152,8.2265854
Eu,90,63,153,8.2287011
Eu,91,63,154,8.2171006
Eu,92,63,155,8.216676
Eu,93,63,156,8.2046192
Eu,94,63,157,8.1997975
Eu,95,63,158,8.185132
Eu,96,63,159,8.1766987
Eu,97,63,160,8.160103
Eu,98,63,161,8.148981
Eu,99,63,162,8.1295593
Eu,100,63,163,8.1160172
Eu,101,63,164,8.0953686
Eu,102,63,165,8.0800529
Gd,76,64,140,8.1549757
Gd,77,64,141,8.164609
Gd,78,64,142,8.1902569
Gd,79,64,143,8.1983188
Gd,80,64,144,8.2219382
Gd,81,64,145,8.2289485
Gd,82,64,146,8.2495072
Gd,83,64,147,8.2433366
Gd,84,64,148,8.2483398
Gd,85,64,149,8.2394856
Gd,86,64,150,8.2426103
Gd,87,64,151,8.2310446
Gd,88,64,152,8.2334042
Gd,89,64,153,8.2204209
Gd,90,64,154,8.2247996
Gd,91,64,155,8.2132541
Gd,92,64,156,8.2153253
Gd,93,64,157,8.2035072
Gd,94,64,158,8.2018229
Gd,95,64,159,8.1876177
Gd,96,64,160,8.1830171
Gd,97,64,161,8.1671934
Gd,98,64,162,8.1590373
Gd,99,64,163,8.140756
Gd,100,64,164,8.1299978
Gd,101,64,165,8.1104428
Gd,102,64,166,8.097226
Gd,103,64,167,8.0755428
Tb,75,65,140,8.0686732
Tb,76,65,141,8.0974761
Tb,77,65,142,8.111508
Tb,78,65,143,8.1382176
Tb,79,65,144,8.1512877
Tb,80,65,145,8.1785397
Tb,81,65,146,8.1871474
Tb,82,65,147,8.206625
Tb,83,65,148,8.2043207
Tb,84,65,149,8.2098153
Tb,85,65,150,8.2063396
Tb,86,65,151,8.2088743
Tb,87,65,152,8.2020072
Tb,88,65,153,8.2050504
Tb,89,65,154,8.1966697
Tb,90,65,155,8.2029173
Tb,91,65,156,8.1946415
Tb,92,65,157,8.1981416
Tb,93,65,158,8.1891556
Tb,94,65,159,8.1888025
Tb,95,65,160,8.1774676
Tb,96,65,161,8.1744809
Tb,97,65,162,8.1640773
Tb,98,65,163,8.1556322
Tb,99,65,164,8.1399304
Tb,100,65,165,8.1303259
Tb,101,65,166,8.113223
Tb,102,65,167,8.101441
Tb,103,65,168,8.082798
Dy,77,66,143,8.0750527
Dy,78,66,144,8.1055902
Dy,79,66,145,8.1168884
Dy,80,66,146,8.1461128
Dy,81,66,147,8.156768
Dy,82,66,148,8.180943
Dy,83,66,149,8.1790972
Dy,84,66,150,8.1891495
Dy,85,66,151,8.1846789
Dy,86,66,152,8.1929171
Dy,87,66,153,8.1857514
Dy,88,66,154,8.1931305
Dy,89,66,155,8.184357
Dy,90,66,156,8.1924366
Dy,91,66,157,8.1846287
Dy,92,66,158,8.1901298
Dy,93,66,159,8.1815842
Dy,94,66,160,8.1840526
Dy,95,66,161,8.1733093
Dy,96,66,162,8.1734555
Dy,97,66,163,8.161784
Dy,98,66,164,8.1587129
Dy,99,66,165,8.1439083
Dy,100,66,166,8.1372793
Dy,101,66,167,8.1208782
Dy,102,66,168,8.1125293
Dy,103,66,169,8.0947566
Ho,77,67,144,8.0170977
Ho,78,67,145,8.0485792
Ho,79,67,146,8.0632426
Ho,80,67,147,8.0940381
Ho,81,67,148,8.1089797
Ho,82,67,149,8.133255
Ho,83,67,150,8.1348423
Ho,84,67,151,8.1455267
Ho,85,67,152,8.1449193
Ho,86,67,153,8.1536372
Ho,87,67,154,8.1506825
Ho,88,67,155,8.1592055
Ho,89,67,156,8.155428
Ho,90,67,157,8.1631373
Ho,91,67,158,8.1584709
Ho,92,67,159,8.1651066
Ho,93,67,160,8.1586004
Ho,94,67,161,8.1631134
Ho,95,67,162,8.1554126
Ho,96,67,163,8.156967
Ho,97,67,164,8.1479234
Ho,98,67,165,8.1469591
Ho,99,67,166,8.1354933
Ho,100,67,167,8.1303732
Ho,101,67,168,8.1168061
Ho,102,67,169,8.1090622
Ho,103,67,170,8.0937902
Ho,104,67,171,8.0836021
Er,78,68,146,8.0105127
Er,79,68,147,8.026476
Er,80,68,148,8.0596924
Er,81,68,149,8.0749558
Er,82,68,150,8.1021962
Er,83,68,151,8.1048723
Er,84,68,152,8.1193485
Er,85,68,153,8.1188154
Er,86,68,154,8.1323919
Er,87,68,155,8.1294444
Er,88,68,156,8.1419084
Er,89,68,157,8.1363757
Er,90,68,158,8.147927
Er,91,68,159,8.1427742
Er,92,68,160,8.1517217
Er,93,68,161,8.1458628
Er,94,68,162,8.1523959
Er,95,68,163,8.1447403
Er,96,68,164,8.1490191
Er,97,68,165,8.1399348
Er,98,68,166,8.1419479
Er,99,68,167,8.1317352
Er,100,68,168,8.1295897
Er,101,68,169,8.1170078
Er,102,68,170,8.1119529
Er,103,68,171,8.0977404
Er,104,68,172,8.0904052
Tm,78,69,147,7.9488178
Tm,79,69,148,7.9685011
Tm,82,69,151,8.0500576
Tm,83,69,152,8.0564387
Tm,84,69,153,8.0712571
Tm,85,69,154,8.074209
Tm,86,69,155,8.088376
Tm,87,69,156,8.0896032
Tm,88,69,157,8.1014285
Tm,89,69,158,8.1011994
Tm,90,69,159,8.1127549
Tm,91,69,160,8.1108124
Tm,92,69,161,8.1204906
Tm,93,69,162,8.1175868
Tm,94,69,163,8.1249774
Tm,95,69,164,8.1196534
Tm,96,69,165,8.1255489
Tm,97,69,166,8.1189357
Tm,98,69,167,8.1225826
Tm,99,69,168,8.1149516
Tm,100,69,169,8.1144702
Tm,101,69,170,8.1055144
Tm,102,69,171,8.1018931
Tm,103,69,172,8.0910367
Tm,104,69,173,8.0844633
Tm,105,69,174,8.0706432
Tm,106,69,175,8.0617673
Tm,107,69,176,8.0451214
Yb,81,70,151,7.9837556
Yb,82,70,152,8.0154371
Yb,84,70,154,8.0399402
Yb,85,70,155,8.0438234
Yb,86,70,156,8.0617107
Yb,87,70,157,8.0627551
Yb,88,70,158,8.0791999
Yb,89,70,159,8.0780428
Yb,90,70,160,8.0925614
Yb,91,70,161,8.0903861
Yb,92,70,162,8.1025333
Yb,93,70,163,8.0991069
Yb,94,70,164,8.1094149
Yb,95,70,165,8.1048399
Yb,96,70,166,8.1124591
Yb,97,70,167,8.106202
Yb,98,70,168,8.111887
Yb,99,70,169,8.1045206
Yb,100,70,170,8.1066101
Yb,101,70,171,8.0978826
Yb,102,70,172,8.0974295
Yb,103,70,173,8.0874276
Yb,104,70,174,8.0838481
Yb,105,70,175,8.0709253
Yb,106,70,176,8.0640853
Yb,107,70,177,8.0499741
Yb,108,70,178,8.0427386
Lu,82,71,153,7.9590882
Lu,84,71,155,7.9874369
Lu,85,71,156,7.9953752
Lu,86,71,157,8.0133128
Lu,87,71,158,8.0185685
Lu,88,71,159,8.0346009
Lu,89,71,160,8.0383387
Lu,90,71,161,8.0527821
Lu,91,71,162,8.0545596
Lu,92,71,163,8.0666848
Lu,93,71,164,8.0658043
Lu,94,71,165,8.076746
Lu,95,71,166,8.0741756
Lu,96,71,167,8.0831722
Lu,97,71,168,8.0804026
Lu,98,71,169,8.0863233
Lu,99,71,170,8.0816686
Lu,100,71,171,8.0846621
Lu,101,71,172,8.0782334
Lu,102,71,173,8.0790312
Lu,103,71,174,8.071454
Lu,104,71,175,8.0691412
Lu,105,71,176,8.0590209
Lu,106,71,177,8.0534495
Lu,107,71,178,8.0420554
Lu,108,71,179,8.0350744
Lu,109,71,180,8.0220394
Lu,110,71,181,8.0119301
Lu,112,71,183,7.9848125
Hf,84,72,156,7.9526676
Hf,86,72,158,7.9812764
Hf,87,72,159,7.986561
Hf,88,72,160,8.0063791
Hf,89,72,161,8.0091245
Hf,90,72,162,8.0271171
Hf,91,72,163,8.0280072
Hf,92,72,164,8.0438142
Hf,93,72,165,8.0428728
Hf,94,72,166,8.0564386
Hf,95,72,167,8.054185
Hf,96,72,168,8.0655536
Hf,97,72,169,8.0617791
Hf,98,72,170,8.0708762
Hf,99,72,171,8.0660687
Hf,100,72,172,8.0717439
Hf,101,72,173,8.0660164
Hf,102,72,174,8.0685341
Hf,103,72,175,8.0607625
Hf,104,72,176,8.0613604
Hf,105,72,177,8.0518365
Hf,106,72,178,8.0494438
Hf,107,72,179,8.0385474
Hf,108,72,180,8.0349319
Hf,109,72,181,8.022003
Hf,110,72,182,8.0148381
Hf,111,72,183,8.0000315
Hf,112,72,184,7.9907228
Hf,113,72,185,7.9739711
Hf,114,72,186,7.9643032
Ta,84,73,157,7.8960608
Ta,86,73,159,7.9287258
Ta,87,73,160,7.9382704
Ta,88,73,161,7.95745
Ta,89,73,162,7.9643432
Ta,90,73,163,7.9818905
Ta,91,73,164,7.9869978
Ta,92,73,165,8.0030547
Ta,93,73,166,8.0049714
Ta,94,73,167,8.0188614
Ta,95,73,168,8.0194287
Ta,96,73,169,8.0309577
Ta,97,73,170,8.0302965
Ta,98,73,171,8.0397914
Ta,99,73,172,8.0377056
Ta,100,73,173,8.044065
Ta,101,73,174,8.0404528
Ta,102,73,175,8.0444456
Ta,103,73,176,8.0386706
Ta,104,73,177,8.0408289
Ta,106,73,179,8.0335869
Ta,107,73,180,8.0258864
Ta,108,73,181,8.023405
Ta,109,73,182,8.0126332
Ta,110,73,183,8.00674
Ta,111,73,184,7.9937535
Ta,112,73,185,7.9863615
Ta,113,73,186,7.9718357
Ta,114,73,187,7.9632123
W,86,74,160,7.8927893
W,88,74,162,7.9238214
W,89,74,163,7.9303043
W,90,74,164,7.9514515
W,91,74,165,7.9559704
W,92,74,166,7.9748951
W,93,74,167,7.9767045
W,94,74,168,7.9939327
W,95,74,169,7.9945381
W,96,74,170,8.0089482
W,97,74,171,8.0081158
W,98,74,172,8.0201757
W,99,74,173,8.0183337
W,100,74,174,8.0272572
W,101,74,175,8.024113
W,102,74,176,8.0301131
W,103,74,177,8.0250359
W,104,74,178,8.0292584
W,105,74,179,8.0232821
W,106,74,180,8.0254434
W,107,74,181,8.0179494
W,108,74,182,8.0183096
W,109,74,183,8.0083234
W,110,74,184,8.0050777
W,111,74,185,7.9929083
W,112,74,186,7.9886026
W,113,74,187,7.9751168
W,114,74,188,7.9690532
W,116,74,190,7.9475031
W,117,74,191,7.9314359
Re,86,75,161,7.8363292
Re,88,75,163,7.8708655
Re,89,75,164,7.8810523
Re,90,75,165,7.9015201
Re,91,75,166,7.9096392
Re,93,75,168,7.9351208
Re,94,75,169,7.9513963
Re,95,75,170,7.955012
Re,96,75,171,7.9694131
Re,97,75,172,7.971846
Re,98,75,173,7.9839068
Re,99,75,174,7.9850944
Re,100,75,175,7.9948168
Re,101,75,176,7.9939707
Re,102,75,177,8.0012229
Re,103,75,178,7.9981576
Re,104,75,179,8.0037666
Re,105,75,180,7.9999922
Re,106,75,181,8.0041434
Re,107,75,182,7.9986264
Re,108,75,183,8.0010101
Re,109,75,184,7.9927517
Re,110,75,185,7.9910101
Re,111,75,186,7.9812713
Re,112,75,187,7.9779519
Re,113,75,188,7.9667481
Re,114,75,189,7.9618105
Re,115,75,190,7.9497759
Re,116,75,191,7.9439588
Re,117,75,192,7.9302389
Re,118,75,193,7.9239378
Os,88,76,164,7.833308
Os,90,76,166,7.8663371
Os,91,76,167,7.8739557
Os,92,76,168,7.8959408
Os,93,76,169,7.9012862
Os,94,76,170,7.9211258
Os,95,76,171,7.9241769
Os,96,76,172,7.9421626
Os,97,76,173,7.9440341
Os,98,76,174,7.9594618
Os,99,76,175,7.9607294
Os,100,76,176,7.9728681
Os,101,76,177,7.9724371
Os,102,76,178,7.9819128
Os,103,76,179,7.9794844
Os,104,76,180,7.9874171
Os,105,76,181,7.9834263
Os,106,76,182,7.9897287
Os,107,76,183,7.9850087
Os,108,76,184,7.9886778
Os,109,76,185,7.9813047
Os,110,76,186,7.9828324
Os,111,76,187,7.9737814
Os,112,76,188,7.9738656
Os,113,76,189,7.9630029
Os,114,76,190,7.9621047
Os,115,76,191,7.9505687
Os,116,76,192,7.948526
Os,117,76,193,7.9362716
Os,118,76,194,7.9320232
Os,119,76,195,7.9177449
Os,120,76,196,7.9122301
Ir,90,77,167,7.8128254
Ir,91,77,168,7.8238509
Ir,92,77,169,7.8455944
Ir,94,77,171,7.8734895
Ir,95,77,172,7.8802637
Ir,96,77,173,7.898068
Ir,97,77,174,7.9020377
Ir,98,77,175,7.9179112
Ir,99,77,176,7.9215522
Ir,100,77,177,7.9346328
Ir,101,77,178,7.936563
Ir,102,77,179,7.9475248
Ir,103,77,180,7.9476337
Ir,104,77,181,7.9565242
Ir,105,77,182,7.9548948
Ir,106,77,183,7.9618176
Ir,107,77,184,7.9591992
Ir,108,77,185,7.9637226
Ir,109,77,186,7.9580473
Ir,110,77,187,7.9606692
Ir,111,77,188,7.9548512
Ir,112,77,189,7.9560214
Ir,113,77,190,7.9477017
Ir,114,77,191,7.9481144
Ir,115,77,192,7.9389999
Ir,116,77,193,7.9381346
Ir,117,77,194,7.9284885
Ir,118,77,195,7.924916
Ir,119,77,196,7.9141487
Ir,120,77,197,7.9090003
Ir,122,77,199,7.8912066
Pt,90,78,168,7.7736217
Pt,92,78,170,7.8082365
Pt,93,78,171,7.8166017
Pt,94,78,172,7.839246
Pt,95,78,173,7.8453856
Pt,96,78,174,7.8661143
Pt,97,78,175,7.8695216
Pt,98,78,176,7.8889934
Pt,99,78,177,7.8924896
Pt,100,78,178,7.908253
Pt,101,78,179,7.9106759
Pt,102,78,180,7.9235781
Pt,103,78,181,7.9241271
Pt,104,78,182,7.9347541
Pt,105,78,183,7.9333406
Pt,106,78,184,7.9425649
Pt,107,78,185,7.9397779
Pt,108,78,186,7.9468094
Pt,109,78,187,7.9411699
Pt,110,78,188,7.9479027
Pt,111,78,189,7.9414045
Pt,112,78,190,7.9464941
Pt,113,78,191,7.9387279
Pt,114,78,192,7.9424923
Pt,115,78,193,7.9337875
Pt,116,78,194,7.935942
Pt,117,78,195,7.926553
Pt,118,78,196,7.9265297
Pt,119,78,197,7.9159714
Pt,120,78,198,7.9141512
Pt,121,78,199,7.9023011
Pt,122,78,200,7.8991986
Pt,123,78,201,7.8858337
Pt,124,78,202,7.8815609
Au,92,79,171,7.7541069
Au,93,79,172,7.7661587
Au,94,79,173,7.7882348
Au,96,79,175,7.8175939
Au,97,79,176,7.8253837
Au,98,79,177,7.8438623
Au,99,79,178,7.8493946
Au,100,79,179,7.8656374
Au,101,79,180,7.8703194
Au,102,79,181,7.8838359
Au,103,79,182,7.8872442
Au,104,79,183,7.8985644
Au,105,79,184,7.9001947
Au,106,79,185,7.909441
Au,107,79,186,7.9095409
Au,108,79,187,7.9174323
Au,109,79,188,7.9147537
Au,110,79,189,7.9219876
Au,111,79,190,7.9188345
Au,112,79,191,7.9246819
Au,113,79,192,7.9201033
Au,114,79,193,7.9241648
Au,115,79,194,7.9187744
Au,116,79,195,7.9213778
Au,117,79,196,7.9148553
Au,118,79,197,7.9156548
Au,119,79,198,7.9085675
Au,120,79,199,7.9069379
Au,121,79,200,7.8984915
Au,122,79,201,7.8951752
Au,123,79,202,7.88591
Au,124,79,203,7.880865
Hg,92,80,172,7.7136064
Hg,94,80,174,7.7497851
Hg,95,80,175,7.7592134
Hg,96,80,176,7.782664
Hg,97,80,177,7.7898947
Hg,98,80,178,7.8113607
Hg,99,80,179,7.8162631
Hg,100,80,180,7.8361111
Hg,101,80,181,7.8396792
Hg,102,80,182,7.8569726
Hg,103,80,183,7.8593885
Hg,104,80,184,7.8743454
Hg,105,80,185,7.8745391
Hg,106,80,186,7.8882605
Hg,107,80,187,7.8869905
Hg,108,80,188,7.899034
Hg,109,80,189,7.8969192
Hg,110,80,190,7.9070174
Hg,111,80,191,7.9038002
Hg,112,80,192,7.9120666
Hg,113,80,193,7.907973
Hg,114,80,194,7.9145974
Hg,115,80,195,7.909398
Hg,116,80,196,7.91437
Hg,117,80,197,7.9086402
Hg,118,80,198,7.9115532
Hg,119,80,199,7.9052794
Hg,120,80,200,7.9058956
Hg,121,80,201,7.8975607
Hg,122,80,202,7.8968505
Hg,123,80,203,7.8874828
Hg,124,80,204,7.8855455
Hg,125,80,205,7.8747325
Hg,126,80,206,7.8691723
Hg,127,80,207,7.8486112
Hg,128,80,208,7.8341914
Tl,95,81,176,7.7079383
Tl,96,81,177,7.7321655
Tl,98,81,179,7.7634942
Tl,99,81,180,7.771431
Tl,100,81,181,7.7919183
Tl,101,81,182,7.7963571
Tl,102,81,183,7.8156741
Tl,103,81,184,7.8186727
Tl,104,81,185,7.8355756
Tl,105,81,186,7.8375161
Tl,106,81,187,7.852465
Tl,107,81,188,7.8530537
Tl,108,81,189,7.8662704
Tl,109,81,190,7.8660345
Tl,110,81,191,7.8771445
Tl,111,81,192,7.8760167
Tl,112,81,193,7.8853445
Tl,113,81,194,7.8835211
Tl,114,81,195,7.8907293
Tl,115,81,196,7.88829
Tl,116,81,197,7.8935725
Tl,117,81,198,7.8903011
Tl,118,81,199,7.8938773
Tl,119,81,200,7.8897037
Tl,120,81,201,7.8912717
Tl,121,81,202,7.8862206
Tl,122,81,203,7.886053
Tl,123,81,204,7.8800238
Tl,124,81,205,7.8783946
Tl,125,81,206,7.8717219
Tl,126,81,207,7.8667979
Tl,127,81,208,7.8471835
Tl,128,81,209,7.8333979
Tl,129,81,210,7.813589
Tl,130,81,211,7.7997915
Tl,132,81,213,7.7654311
Pb,96,82,178,7.6908359
Pb,97,82,179,7.701463
Pb,98,82,180,7.7256993
Pb,99,82,181,7.7340704
Pb,100,82,182,7.7563296
Pb,101,82,183,7.762179
Pb,102,82,184,7.7827264
Pb,103,82,185,7.786933
Pb,104,82,186,7.805342
Pb,105,82,187,7.808401
Pb,106,82,188,7.8248211
Pb,107,82,189,7.8262999
Pb,108,82,190,7.8411294
Pb,109,82,191,7.8416782
Pb,110,82,192,7.8546482
Pb,111,82,193,7.8540994
Pb,112,82,194,7.8654181
Pb,113,82,195,7.8640647
Pb,114,82,196,7.8733374
Pb,115,82,197,7.8712822
Pb,116,82,198,7.8789695
Pb,117,82,199,7.8757366
Pb,118,82,200,7.8818101
Pb,119,82,201,7.8778782
Pb,120,82,202,7.8821505
Pb,121,82,203,7.877397
Pb,122,82,204,7.8799326
Pb,123,82,205,7.8743313
Pb,124,82,206,7.875362
Pb,125,82,207,7.8698664
Pb,126,82,208,7.867453
Pb,127,82,209,7.8486488
Pb,128,82,210,7.8359656
Pb,129,82,211,7.8170079
Pb,130,82,212,7.8043203
Pb,131,82,213,7.7851732
Pb,132,82,214,7.7723955
Pb,133,82,215,7.7527381
Bi,103,83,186,7.7391175
Bi,104,83,187,7.7582083
Bi,105,83,188,7.7641904
Bi,106,83,189,7.7809999
Bi,107,83,190,7.7853239
Bi,108,83,191,7.8006613
Bi,109,83,192,7.8036084
Bi,110,83,193,7.8171718
Bi,111,83,194,7.8191955
Bi,112,83,195,7.8307579
Bi,113,83,196,7.8319009
Bi,114,83,197,7.8416348
Bi,115,83,198,7.8412123
Bi,116,83,199,7.8495232
Bi,117,83,200,7.8484969
Bi,118,83,201,7.8548713
Bi,119,83,202,7.8525857
Bi,120,83,203,7.8574762
Bi,121,83,204,7.8542157
Bi,122,83,205,7.8573218
Bi,123,83,206,7.8533249
Bi,124,83,207,7.8545053
Bi,125,83,208,7.8498534
Bi,126,83,209,7.8479869
Bi,127,83,210,7.8325424
Bi,128,83,211,7.8197745
Bi,129,83,212,7.803314
Bi,130,83,213,7.7910217
Bi,131,83,214,7.7734955
Bi,132,83,215,7.7617177
Bi,133,83,216,7.7434996
Bi,134,83,217,7.7318491
Bi,135,83,218,7.712828
Po,102,84,186,7.6959488
Po,103,84,187,7.7047889
Po,104,84,188,7.7246544
Po,105,84,189,7.7311321
Po,106,84,190,7.7494526
Po,107,84,191,7.7537871
Po,108,84,192,7.7710542
Po,109,84,193,7.773951
Po,110,84,194,7.7892947
Po,111,84,195,7.7913155
Po,112,84,196,7.8047445
Po,113,84,197,7.8057136
Po,114,84,198,7.8175611
Po,115,84,199,7.8176582
Po,116,84,200,7.8274407
Po,117,84,201,7.8265619
Po,118,84,202,7.8348053
Po,119,84,203,7.8328632
Po,120,84,204,7.8390823
Po,121,84,205,7.8362168
Po,122,84,206,7.8405973
Po,123,84,207,7.8366734
Po,124,84,208,7.8393568
Po,125,84,209,7.8351882
Po,126,84,210,7.8343462
Po,127,84,211,7.8187842
Po,128,84,212,7.8102438
Po,129,84,213,7.794024
Po,130,84,214,7.7851163
Po,131,84,215,7.7681768
Po,132,84,216,7.7588205
Po,133,84,217,7.7413614
Po,134,84,218,7.73153
Po,135,84,219,7.713334
Po,136,84,220,7.7032244
Po,137,84,221,7.6844814
Po,138,84,222,7.6740054
At,106,85,191,7.7029233
At,107,85,192,7.7097283
At,108,85,193,7.7271099
At,109,85,194,7.7322304
At,110,85,195,7.7480914
At,111,85,196,7.7520001
At,112,85,197,7.7660174
At,113,85,198,7.7693446
At,114,85,199,7.7814883
At,115,85,200,7.7837601
At,116,85,201,7.7941536
At,117,85,202,7.7945637
At,118,85,203,7.8036487
At,119,85,204,7.8035522
At,120,85,205,7.8102694
At,121,85,206,7.8088904
At,122,85,207,7.8139653
At,123,85,208,7.8115604
At,124,85,209,7.8147835
At,125,85,210,7.8116638
At,126,85,211,7.8113545
At,127,85,212,7.79834
At,128,85,213,7.7900036
At,129,85,214,7.7763632
At,130,85,215,7.7678627
At,131,85,216,7.7530024
At,132,85,217,7.7446172
At,133,85,218,7.7291175
At,134,85,219,7.720197
At,135,85,220,7.7037033
At,136,85,221,7.6944754
At,137,85,222,7.6773878
At,138,85,223,7.6680557
At,139,85,224,7.6507354
Rn,107,86,193,7.675853
Rn,108,86,194,7.6949961
Rn,109,86,195,7.7003841
Rn,110,86,196,7.717966
Rn,111,86,197,7.722119
Rn,112,86,198,7.7377245
Rn,113,86,199,7.7410568
Rn,114,86,200,7.7549111
Rn,115,86,201,7.7570174
Rn,116,86,202,7.7693018
Rn,117,86,203,7.7703437
Rn,118,86,204,7.7805743
Rn,119,86,205,7.7807226
Rn,120,86,206,7.7890417
Rn,121,86,207,7.7879987
Rn,122,86,208,7.7942678
Rn,123,86,209,7.7921755
Rn,124,86,210,7.7966653
Rn,125,86,211,7.7939412
Rn,126,86,212,7.7947963
Rn,127,86,213,7.7821824
Rn,128,86,214,7.7771023
Rn,129,86,215,7.7638164
Rn,130,86,216,7.7586553
Rn,131,86,217,7.7444037
Rn,132,86,218,7.7387527
Rn,133,86,219,7.7237784
Rn,134,86,220,7.7172552
Rn,135,86,221,7.7013941
Rn,136,86,222,7.6944991
Rn,137,86,223,7.678172
Rn,138,86,224,7.6707514
Rn,139,86,225,7.6543581
Rn,140,86,226,7.6464108
Rn,141,86,227,7.6300508
Rn,142,86,228,7.6216457
Rn,143,86,229,7.6056227
Fr,110,87,197,7.673764
Fr,111,87,198,7.6791873
Fr,112,87,199,7.6952599
Fr,113,87,200,7.7003292
Fr,114,87,201,7.7148367
Fr,115,87,202,7.7190125
Fr,116,87,203,7.7317092
Fr,117,87,204,7.7346931
Fr,118,87,205,7.745687
Fr,119,87,206,7.7469621
Fr,120,87,207,7.7562689
Fr,121,87,208,7.7568985
Fr,122,87,209,7.7637485
Fr,123,87,210,7.7631243
Fr,124,87,211,7.7683613
Fr,125,87,212,7.7668455
Fr,126,87,213,7.7684543
Fr,127,87,214,7.7577393
Fr,128,87,215,7.7532607
Fr,129,87,216,7.7424513
Fr,130,87,217,7.737775
Fr,131,87,218,7.7267143
Fr,132,87,219,7.7211759
Fr,133,87,220,7.709743
Fr,134,87,221,7.7032572
Fr,135,87,222,7.6909474
Fr,136,87,223,7.6836655
Fr,137,87,224,7.670368
Fr,138,87,225,7.6629412
Fr,139,87,226,7.6483768
Fr,140,87,227,7.6407162
Fr,141,87,228,7.6263689
Fr,142,87,229,7.618338
Fr,143,87,230,7.6037052
Fr,144,87,231,7.5945009
Fr,145,87,232,7.5793481
Fr,146,87,233,7.5692398
Ra,113,88,201,7.6694108
Ra,114,88,202,7.6855684
Ra,115,88,203,7.6898015
Ra,116,88,204,7.7041238
Ra,117,88,205,7.7071698
Ra,118,88,206,7.7198028
Ra,119,88,207,7.7217503
Ra,120,88,208,7.7320177
Ra,121,88,209,7.7330177
Ra,122,88,210,7.7413687
Ra,123,88,211,7.7410887
Ra,124,88,212,7.7475078
Ra,125,88,213,7.7464726
Ra,126,88,214,7.7491719
Ra,127,88,215,7.7393249
Ra,128,88,216,7.7373458
Ra,129,88,217,7.7269122
Ra,130,88,218,7.7250241
Ra,131,88,219,7.714056
Ra,132,88,220,7.7116879
Ra,133,88,221,7.7011352
Ra,134,88,222,7.6966931
Ra,135,88,223,7.6853101
Ra,136,88,224,7.6799236
Ra,137,88,225,7.6675866
Ra,138,88,226,7.6619636
Ra,139,88,227,7.6483048
Ra,140,88,228,7.6424289
Ra,141,88,229,7.6284862
Ra,142,88,230,7.6219144
Ra,143,88,231,7.6078418
Ra,144,88,232,7.6000099
Ra,145,88,233,7.5855644
Ra,146,88,234,7.5765439
Ac,116,89,205,7.6628519
Ac,117,89,206,7.6678538
Ac,118,89,207,7.6811001
Ac,119,89,208,7.6848289
Ac,120,89,209,7.6958455
Ac,121,89,210,7.6980182
Ac,122,89,211,7.707468
Ac,123,89,212,7.7084479
Ac,124,89,213,7.7155908
Ac,125,89,214,7.7158874
Ac,126,89,215,7.7194137
Ac,127,89,216,7.7112319
Ac,128,89,217,7.7103448
Ac,129,89,218,7.702145
Ac,130,89,219,7.7005489
Ac,131,89,220,7.6923515
Ac,132,89,221,7.6905039
Ac,133,89,222,7.6828015
Ac,134,89,223,7.6791479
Ac,135,89,224,7.6701438
Ac,136,89,225,7.6656906
Ac,137,89,226,7.6556628
Ac,138,89,227,7.6507084
Ac,139,89,228,7.6391973
Ac,140,89,229,7.6332446
Ac,141,89,230,7.6214604
Ac,142,89,231,7.6150768
Ac,143,89,232,7.6024245
Ac,144,89,233,7.5951939
Ac,145,89,234,7.5821297
Ac,146,89,235,7.5735051
Ac,147,89,236,7.5592423
Th,118,90,208,7.6525716
Th,120,90,210,7.6690764
Th,121,90,211,7.6718506
Th,122,90,212,7.6820628
Th,123,90,213,7.683847
Th,124,90,214,7.6923173
Th,125,90,215,7.6930266
Th,126,90,216,7.6976617
Th,127,90,217,7.6905945
Th,128,90,218,7.6916026
Th,129,90,219,7.6837655
Th,130,90,220,7.6844964
Th,131,90,221,7.676064
Th,132,90,222,7.6766592
Th,133,90,223,7.6686426
Th,134,90,224,7.6677162
Th,135,90,225,7.6592229
Th,136,90,226,7.6571195
Th,137,90,227,7.6474591
Th,138,90,228,7.6450807
Th,139,90,229,7.634651
Th,140,90,230,7.6309974
Th,141,90,231,7.6201188
Th,142,90,232,7.6150338
Th,143,90,233,7.6028937
Th,144,90,234,7.5968557
Th,145,90,235,7.5843862
Th,146,90,236,7.5769688
Th,147,90,237,7.5634433
Pa,120,91,211,7.6293948
Pa,121,91,212,7.6336289
Pa,122,91,213,7.6448027
Pa,123,91,214,7.6477037
Pa,124,91,215,7.6573733
Pa,125,91,216,7.6592006
Pa,126,91,217,7.6646438
Pa,127,91,218,7.6591935
Pa,128,91,219,7.6613783
Pa,129,91,220,7.6555364
Pa,130,91,221,7.6569809
Pa,131,91,222,7.6512373
Pa,132,91,223,7.6518957
Pa,133,91,224,7.6469612
Pa,134,91,225,7.6466504
Pa,135,91,226,7.6411093
Pa,136,91,227,7.6394945
Pa,137,91,228,7.6322076
Pa,138,91,229,7.6298752
Pa,139,91,230,7.6218958
Pa,140,91,231,7.6184267
Pa,141,91,232,7.6095072
Pa,142,91,233,7.6048675
Pa,143,91,234,7.5946837
Pa,144,91,235,7.5884139
Pa,145,91,236,7.5775573
Pa,146,91,237,7.5703847
Pa,147,91,238,7.5583449
U,123,92,215,7.6207821
U,124,92,216,7.6313072
U,126,92,218,7.6407191
U,127,92,219,7.6362867
U,129,92,221,7.6346849
U,130,92,222,7.6377651
U,131,92,223,7.6317611
U,132,92,224,7.6350742
U,133,92,225,7.6297717
U,134,92,226,7.6319166
U,135,92,227,7.6262918
U,136,92,228,7.6274763
U,137,92,229,7.6207218
U,138,92,230,7.6209227
U,139,92,231,7.6133879
U,140,92,232,7.6118984
U,141,92,233,7.6039574
U,142,92,234,7.600716
U,143,92,235,7.5909151
U,144,92,236,7.5864854
U,145,92,237,7.5761026
U,146,92,238,7.5701262
U,147,92,239,7.5585624
U,148,92,240,7.5517705
Np,126,93,219,7.6046732
Np,127,93,220,7.6020758
Np,129,93,222,7.6027013
Np,130,93,223,7.6075654
Np,131,93,224,7.6035032
Np,132,93,225,7.6074231
Np,133,93,226,7.6041714
Np,134,93,227,7.6072771
Np,136,93,229,7.6059921
Np,137,93,230,7.6017751
Np,138,93,231,7.6021321
Np,140,93,233,7.5961816
Np,141,93,234,7.5896382
Np,142,93,235,7.5870571
Np,143,93,236,7.5792148
Np,144,93,237,7.5749895
Np,145,93,238,7.566222
Np,146,93,239,7.560568
Np,147,93,240,7.5501743
Np,148,93,241,7.5440426
Np,149,93,242,7.5334042
Pu,134,94,228,7.5904039
Pu,135,94,229,7.5868834
Pu,136,94,230,7.5910016
Pu,137,94,231,7.5871224
Pu,138,94,232,7.5889839
Pu,139,94,233,7.5837968
Pu,140,94,234,7.5846061
Pu,141,94,235,7.5788799
Pu,142,94,236,7.5779192
Pu,143,94,237,7.5707599
Pu,144,94,238,7.5683611
Pu,145,94,239,7.5603187
Pu,146,94,240,7.5560433
Pu,147,94,241,7.5464395
Pu,148,94,242,7.5413284
Pu,149,94,243,7.5310087
Pu,150,94,244,7.5248154
Pu,151,94,245,7.5132822
Pu,152,94,246,7.5065401
Am,134,95,229,7.5625697
Am,140,95,235,7.5651582
Am,143,95,238,7.5555853
Am,144,95,239,7.5536891
Am,145,95,240,7.5470136
Am,146,95,241,7.5432795
Am,147,95,242,7.5349917
Am,148,95,243,7.5301742
Am,149,95,244,7.5213095
Am,150,95,245,7.5153043
Cm,137,96,233,7.546002
Cm,138,96,234,7.5506868
Cm,140,96,236,7.550309
Cm,141,96,237,7.5466241
Cm,142,96,238,7.5479966
Cm,143,96,239,7.5430659
Cm,144,96,240,7.5428617
Cm,145,96,241,7.5368488
Cm,146,96,242,7.534504
Cm,147,96,243,7.5269261
Cm,148,96,244,7.5239527
Cm,149,96,245,7.5157677
Cm,150,96,246,7.5114716
Cm,151,96,247,7.5019318
Cm,152,96,248,7.4967291
Cm,153,96,249,7.485551
Cm,154,96,250,7.4789385
Cm,155,96,251,7.4667233
Bk,146,97,243,7.5175021
Bk,147,97,244,7.5114759
Bk,148,97,245,7.5092714
Bk,149,97,246,7.5028035
Bk,150,97,247,7.4989408
Bk,151,97,248,7.4905975
Bk,152,97,249,7.486041
Bk,153,97,250,7.4759594
Bk,154,97,251,7.4692637
Cf,139,98,237,7.5033507
Cf,142,98,240,7.51024
Cf,144,98,242,7.5090991
Cf,146,98,244,7.5051373
Cf,147,98,245,7.4996644
Cf,148,98,246,7.499122
Cf,149,98,247,7.4932638
Cf,150,98,248,7.491044
Cf,151,98,249,7.4833954
Cf,152,98,250,7.4799567
Cf,153,98,251,7.4705014
Cf,154,98,252,7.4653474
Cf,155,98,253,7.4548297
Cf,156,98,254,7.4492259
Es,147,99,246,7.4807849
Es,148,99,247,7.4801005
Es,152,99,251,7.4658842
Es,153,99,252,7.4572428
Es,154,99,253,7.4528879
Es,155,99,254,7.4435759
Es,156,99,255,7.4378216
Fm,146,100,246,7.4679608
Fm,148,100,248,7.4659451
Fm,149,100,249,7.4618649
Fm,150,100,250,7.4620905
Fm,151,100,251,7.4570013
Fm,152,100,252,7.4560351
Fm,153,100,253,7.4484712
Fm,154,100,254,7.4447936
Fm,155,100,255,7.435886
Fm,156,100,256,7.4317888
Fm,157,100,257,7.4221942
Md,148,101,249,7.4440169
Md,149,101,250,7.4416533
Md,150,101,251,7.4419005
Md,151,101,252,7.4384444
Md,154,101,255,7.4287333
Md,156,101,257,7.4175845
Md,157,101,258,7.4096615
No,150,102,252,7.4257992
No,151,102,253,7.4224719
No,152,102,254,7.4235909
No,153,102,255,7.4179403
No,154,102,256,7.4165429
No,155,102,257,7.4096587
No,157,102,259,7.3999714
Lr,150,103,253,7.402918
Lr,151,103,254,7.4011306
Lr,152,103,255,7.4025767
Lr,153,103,256,7.3981605
Rf,152,104,256,7.3854349
Rf,153,104,257,7.3817053
Rf,154,104,258,7.3825257
Rf,157,104,261,7.3713858
Db,152,105,257,7.3619767
Db,153,105,258,7.3594803
Db,154,105,259,7.3603626
Sg,154,106,260,7.3425632
Sg,155,106,261,7.339771
Sg,156,106,262,7.3411736
Bh,154,107,261,7.3173313
Bh,155,107,262,7.3157331
Hs,156,108,264,7.2983762
Hs,157,108,265,7.2962474
Hs,158,108,266,7.2982611
Mt,157,109,266,7.2707598
Ds,159,110,269,7.2501551
Ds,160,110,270,7.2537634
