0,1
0,1
1,1
2,1
1,2
0,3
3,1
2,2
1,3
4,1
3,2
2,3
1,4
5,1
4,2
3,3
2,4
1,5
6,1
5,2
4,3
3,4
2,5
6,2
5,3
4,4
3,5
2,6
7,2
6,3
5,4
4,5
3,6
8,2
7,3
6,4
5,5
4,6
3,7
8,3
7,4
6,5
5,6
4,7
3,8
9,3
8,4
7,5
6,6
5,7
4,8
10,3
9,4
8,5
7,6
6,7
5,8
4,9
10,4
9,5
8,6
7,7
6,8
5,9
11,4
10,5
9,6
8,7
7,8
6,9
5,10
12,4
11,5
10,6
9,7
8,8
7,9
6,10
12,5
11,6
10,7
9,8
8,9
7,10
6,11
13,5
12,6
11,7
10,8
9,9
8,10
7,11
14,5
13,6
12,7
11,8
10,9
9,10
8,11
7,12
15,5
14,6
13,7
12,8
11,9
10,10
9,11
8,12
16,5
15,6
14,7
13,8
12,9
11,10
10,11
9,12
8,13
16,6
15,7
14,8
13,9
12,10
11,11
10,12
9,13
8,14
17,6
16,7
15,8
14,9
13,10
12,11
11,12
10,13
9,14
17,7
16,8
15,9
14,10
13,11
12,12
11,13
10,14
9,15
18,7
17,8
16,9
15,10
14,11
13,12
12,13
11,14
10,15
18,8
17,9
16,10
15,11
14,12
13,13
12,14
11,15
10,16
19,8
18,9
17,10
16,11
15,12
14,13
13,14
12,15
11,16
20,8
19,9
18,10
17,11
16,12
15,13
14,14
13,15
12,16
11,17
20,9
19,10
18,11
17,12
16,13
15,14
14,15
13,16
12,17
11,18
21,9
20,10
19,11
18,12
17,13
16,14
15,15
14,16
13,17
12,18
22,9
21,10
20,11
19,12
18,13
17,14
16,15
15,16
14,17
13,18
12,19
22,10
21,11
20,12
19,13
18,14
17,15
16,16
15,17
14,18
13,19
23,10
22,11
21,12
20,13
19,14
18,15
17,16
16,17
15,18
14,19
13,20
24,10
23,11
22,12
21,13
20,14
19,15
18,16
17,17
16,18
15,19
14,20
24,11
23,12
22,13
21,14
20,15
19,16
18,17
17,18
16,19
15,20
14,21
25,11
24,12
23,13
22,14
21,15
20,16
19,17
18,18
17,19
16,20
15,21
26,11
25,12
24,13
23,14
22,15
21,16
20,17
19,18
18,19
17,20
16,21
15,22
27,11
26,12
25,13
24,14
23,15
22,16
21,17
20,18
19,19
18,20
17,21
16,22
28,11
27,12
26,13
25,14
24,15
23,16
22,17
21,18
20,19
19,20
18,21
17,22
16,23
28,12
27,13
26,14
25,15
24,16
23,17
22,18
21,19
20,20
19,21
18,22
17,23
29,12
28,13
27,14
26,15
25,16
24,17
23,18
22,19
21,20
20,21
19,22
18,23
17,24
29,13
28,14
27,15
26,16
25,17
24,18
23,19
22,20
21,21
20,22
19,23
18,24
30,13
29,14
28,15
27,16
26,17
25,18
24,19
23,20
22,21
21,22
20,23
19,24
18,25
30,14
29,15
28,16
27,17
26,18
25,19
24,20
23,21
22,22
21,23
20,24
19,25
31,14
30,15
29,16
28,17
27,18
26,19
25,20
24,21
23,22
22,23
21,24
20,25
19,26
31,15
30,16
29,17
28,18
27,19
26,20
25,21
24,22
23,23
22,24
21,25
20,26
32,15
31,16
30,17
29,18
28,19
27,20
26,21
25,22
24,23
23,24
22,25
21,26
20,27
32,16
31,17
30,18
29,19
28,20
27,21
26,22
25,23
24,24
23,25
22,26
21,27
20,28
33,16
32,17
31,18
30,19
29,20
28,21
27,22
26,23
25,24
24,25
23,26
22,27
21,28
33,17
32,18
31,19
30,20
29,21
28,22
27,23
26,24
25,25
24,26
23,27
22,28
34,17
33,18
32,19
31,20
30,21
29,22
28,23
27,24
26,25
25,26
24,27
23,28
35,17
34,18
33,19
32,20
31,21
30,22
29,23
28,24
27,25
26,26
25,27
24,28
23,29
35,18
34,19
33,20
32,21
31,22
30,23
29,24
28,25
27,26
26,27
25,28
24,29
36,18
35,19
34,20
33,21
32,22
31,23
30,24
29,25
28,26
27,27
26,28
25,29
24,30
36,19
35,20
34,21
33,22
32,23
31,24
30,25
29,26
28,27
27,28
26,29
25,30
37,19
36,20
35,21
34,22
33,23
32,24
31,25
30,26
29,27
28,28
27,29
26,30
25,31
38,19
37,20
36,21
35,22
34,23
33,24
32,25
31,26
30,27
29,28
28,29
27,30
26,31
39,19
38,20
37,21
36,22
35,23
34,24
33,25
32,26
31,27
30,28
29,29
28,30
27,31
26,32
40,19
39,20
38,21
37,22
36,23
35,24
34,25
33,26
32,27
31,28
30,29
29,30
28,31
27,32
40,20
39,21
38,22
37,23
36,24
35,25
34,26
33,27
32,28
31,29
30,30
29,31
28,32
27,33
41,20
40,21
39,22
38,23
37,24
36,25
35,26
34,27
33,28
32,29
31,30
30,31
29,32
28,33
41,21
40,22
39,23
38,24
37,25
36,26
35,27
34,28
33,29
32,30
31,31
30,32
29,33
42,21
41,22
40,23
39,24
38,25
37,26
36,27
35,28
34,29
33,30
32,31
31,32
30,33
29,34
42,22
41,23
40,24
39,25
38,26
37,27
36,28
35,29
34,30
33,31
32,32
31,33
30,34
43,22
42,23
41,24
40,25
39,26
38,27
37,28
36,29
35,30
34,31
33,32
32,33
31,34
30,35
43,23
42,24
41,25
40,26
39,27
38,28
37,29
36,30
35,31
34,32
33,33
32,34
31,35
44,23
43,24
42,25
41,26
40,27
39,28
38,29
37,30
36,31
35,32
34,33
33,34
32,35
31,36
44,24
43,25
42,26
41,27
40,28
39,29
38,30
37,31
36,32
35,33
34,34
33,35
32,36
45,24
44,25
43,26
42,27
41,28
40,29
39,30
38,31
37,32
36,33
35,34
34,35
33,36
46,24
45,25
44,26
43,27
42,28
41,29
40,30
39,31
38,32
37,33
36,34
35,35
34,36
46,25
45,26
44,27
43,28
42,29
41,30
40,31
39,32
38,33
37,34
36,35
35,36
34,37
47,25
46,26
45,27
44,28
43,29
42,30
41,31
40,32
39,33
38,34
37,35
36,36
35,37
48,25
47,26
46,27
45,28
44,29
43,30
42,31
41,32
40,33
39,34
38,35
37,36
36,37
35,38
48,26
47,27
46,28
45,29
44,30
43,31
42,32
41,33
40,34
39,35
38,36
37,37
36,38
49,26
48,27
47,28
46,29
45,30
44,31
43,32
42,33
41,34
40,35
39,36
38,37
37,38
36,39
50,26
49,27
48,28
47,29
46,30
45,31
44,32
43,33
42,34
41,35
40,36
39,37
38,38
37,39
50,27
49,28
48,29
47,30
46,31
45,32
44,33
43,34
42,35
41,36
40,37
39,38
38,39
37,40
51,27
50,28
49,29
48,30
47,31
46,32
45,33
44,34
43,35
42,36
41,37
40,38
39,39
38,40
51,28
50,29
49,30
48,31
47,32
46,33
45,34
44,35
43,36
42,37
41,38
40,39
39,40
38,41
52,28
51,29
50,30
49,31
48,32
47,33
46,34
45,35
44,36
43,37
42,38
41,39
40,40
39,41
53,28
52,29
51,30
50,31
49,32
48,33
47,34
46,35
45,36
44,37
43,38
42,39
41,40
40,41
39,42
54,28
53,29
52,30
51,31
50,32
49,33
48,34
47,35
46,36
45,37
44,38
43,39
42,40
41,41
40,42
54,29
53,30
52,31
51,32
50,33
49,34
48,35
47,36
46,37
45,38
44,39
43,40
42,41
41,42
40,43
55,29
54,30
53,31
52,32
51,33
50,34
49,35
48,36
47,37
46,38
45,39
44,40
43,41
42,42
41,43
55,30
54,31
53,32
52,33
51,34
50,35
49,36
48,37
47,38
46,39
45,40
44,41
43,42
42,43
41,44
56,30
55,31
54,32
53,33
52,34
51,35
50,36
49,37
48,38
47,39
46,40
45,41
44,42
43,43
42,44
56,31
55,32
54,33
53,34
52,35
51,36
50,37
49,38
48,39
47,40
46,41
45,42
44,43
43,44
57,31
56,32
55,33
54,34
53,35
52,36
51,37
50,38
49,39
48,40
47,41
46,42
45,43
44,44
43,45
57,32
56,33
55,34
54,35
53,36
52,37
51,38
50,39
49,40
48,41
47,42
46,43
45,44
44,45
58,32
57,33
56,34
55,35
54,36
53,37
52,38
51,39
50,40
49,41
48,42
47,43
46,44
45,45
44,46
58,33
57,34
56,35
55,36
54,37
53,38
52,39
51,40
50,41
49,42
48,43
47,44
46,45
45,46
59,33
58,34
57,35
56,36
55,37
54,38
53,39
52,40
51,41
50,42
49,43
48,44
47,45
46,46
45,47
59,34
58,35
57,36
56,37
55,38
54,39
53,40
52,41
51,42
50,43
49,44
48,45
47,46
46,47
60,34
59,35
58,36
57,37
56,38
55,39
54,40
53,41
52,42
51,43
50,44
49,45
48,46
47,47
46,48
61,34
60,35
59,36
58,37
57,38
56,39
55,40
54,41
53,42
52,43
51,44
50,45
49,46
48,47
47,48
61,35
60,36
59,37
58,38
57,39
56,40
55,41
54,42
53,43
52,44
51,45
50,46
49,47
48,48
47,49
62,35
61,36
60,37
59,38
58,39
57,40
56,41
55,42
54,43
53,44
52,45
51,46
50,47
49,48
48,49
63,35
62,36
61,37
60,38
59,39
58,40
57,41
56,42
55,43
54,44
53,45
52,46
51,47
50,48
49,49
63,36
62,37
61,38
60,39
59,40
58,41
57,42
56,43
55,44
54,45
53,46
52,47
51,48
50,49
49,50
64,36
63,37
62,38
61,39
60,40
59,41
58,42
57,43
56,44
55,45
54,46
53,47
52,48
51,49
50,50
65,36
64,37
63,38
62,39
61,40
60,41
59,42
58,43
57,44
56,45
55,46
54,47
53,48
52,49
51,50
65,37
64,38
63,39
62,40
61,41
60,42
59,43
58,44
57,45
56,46
55,47
54,48
53,49
52,50
51,51
66,37
65,38
64,39
63,40
62,41
61,42
60,43
59,44
58,45
57,46
56,47
55,48
54,49
53,50
52,51
67,37
66,38
65,39
64,40
63,41
62,42
61,43
60,44
59,45
58,46
57,47
56,48
55,49
54,50
53,51
52,52
67,38
66,39
65,40
64,41
63,42
62,43
61,44
60,45
59,46
58,47
57,48
56,49
55,50
54,51
53,52
68,38
67,39
66,40
65,41
64,42
63,43
62,44
61,45
60,46
59,47
58,48
57,49
56,50
55,51
54,52
53,53
69,38
68,39
67,40
66,41
65,42
64,43
63,44
62,45
61,46
60,47
59,48
58,49
57,50
56,51
55,52
54,53
69,39
68,40
67,41
66,42
65,43
64,44
63,45
62,46
61,47
60,48
59,49
58,50
57,51
56,52
55,53
54,54
70,39
69,40
68,41
67,42
66,43
65,44
64,45
63,46
62,47
61,48
60,49
59,50
58,51
57,52
56,53
55,54
70,40
69,41
68,42
67,43
66,44
65,45
64,46
63,47
62,48
61,49
60,50
59,51
58,52
57,53
56,54
71,40
70,41
69,42
68,43
67,44
66,45
65,46
64,47
63,48
62,49
61,50
60,51
59,52
58,53
57,54
56,55
72,40
71,41
70,42
69,43
68,44
67,45
66,46
65,47
64,48
63,49
62,50
61,51
60,52
59,53
58,54
57,55
73,40
72,41
71,42
70,43
69,44
68,45
67,46
66,47
65,48
64,49
63,50
62,51
61,52
60,53
59,54
58,55
57,56
73,41
72,42
71,43
70,44
69,45
68,46
67,47
66,48
65,49
64,50
63,51
62,52
61,53
60,54
59,55
58,56
74,41
73,42
72,43
71,44
70,45
69,46
68,47
67,48
66,49
65,50
64,51
63,52
62,53
61,54
60,55
59,56
75,41
74,42
73,43
72,44
71,45
70,46
69,47
68,48
67,49
66,50
65,51
64,52
63,53
62,54
61,55
60,56
59,57
75,42
74,43
73,44
72,45
71,46
70,47
69,48
68,49
67,50
66,51
65,52
64,53
63,54
62,55
61,56
60,57
76,42
75,43
74,44
73,45
72,46
71,47
70,48
69,49
68,50
67,51
66,52
65,53
64,54
63,55
62,56
61,57
77,42
76,43
75,44
74,45
73,46
72,47
71,48
70,49
69,50
68,51
67,52
66,53
65,54
64,55
63,56
62,57
61,58
77,43
76,44
75,45
74,46
73,47
72,48
71,49
70,50
69,51
68,52
67,53
66,54
65,55
64,56
63,57
62,58
78,43
77,44
76,45
75,46
74,47
73,48
72,49
71,50
70,51
69,52
68,53
67,54
66,55
65,56
64,57
63,58
62,59
79,43
78,44
77,45
76,46
75,47
74,48
73,49
72,50
71,51
70,52
69,53
68,54
67,55
66,56
65,57
64,58
63,59
79,44
78,45
77,46
76,47
75,48
74,49
73,50
72,51
71,52
70,53
69,54
68,55
67,56
66,57
65,58
64,59
80,44
79,45
78,46
77,47
76,48
75,49
74,50
73,51
72,52
71,53
70,54
69,55
68,56
67,57
66,58
65,59
64,60
81,44
80,45
79,46
78,47
77,48
76,49
75,50
74,51
73,52
72,53
71,54
70,55
69,56
68,57
67,58
66,59
65,60
81,45
80,46
79,47
78,48
77,49
76,50
75,51
74,52
73,53
72,54
71,55
70,56
69,57
68,58
67,59
66,60
65,61
82,45
81,46
80,47
79,48
78,49
77,50
76,51
75,52
74,53
73,54
72,55
71,56
70,57
69,58
68,59
67,60
66,61
83,45
82,46
81,47
80,48
79,49
78,50
77,51
76,52
75,53
74,54
73,55
72,56
71,57
70,58
69,59
68,60
67,61
66,62
83,46
82,47
81,48
80,49
79,50
78,51
77,52
76,53
75,54
74,55
73,56
72,57
71,58
70,59
69,60
68,61
67,62
84,46
83,47
82,48
81,49
80,50
79,51
78,52
77,53
76,54
75,55
74,56
73,57
72,58
71,59
70,60
69,61
68,62
67,63
85,46
84,47
83,48
82,49
81,50
80,51
79,52
78,53
77,54
76,55
75,56
74,57
73,58
72,59
71,60
70,61
69,62
68,63
85,47
84,48
83,49
82,50
81,51
80,52
79,53
78,54
77,55
76,56
75,57
74,58
73,59
72,60
71,61
70,62
69,63
86,47
85,48
84,49
83,50
82,51
81,52
80,53
79,54
78,55
77,56
76,57
75,58
74,59
73,60
72,61
71,62
70,63
69,64
86,48
85,49
84,50
83,51
82,52
81,53
80,54
79,55
78,56
77,57
76,58
75,59
74,60
73,61
72,62
71,63
70,64
87,48
86,49
85,50
84,51
83,52
82,53
81,54
80,55
79,56
78,57
77,58
76,59
75,60
74,61
73,62
72,63
71,64
70,65
87,49
86,50
85,51
84,52
83,53
82,54
81,55
80,56
79,57
78,58
77,59
76,60
75,61
74,62
73,63
72,64
71,65
88,49
87,50
86,51
85,52
84,53
83,54
82,55
81,56
80,57
79,58
78,59
77,60
76,61
75,62
74,63
73,64
72,65
88,50
87,51
86,52
85,53
84,54
83,55
82,56
81,57
80,58
79,59
78,60
77,61
76,62
75,63
74,64
73,65
72,66
89,50
88,51
87,52
86,53
85,54
84,55
83,56
82,57
81,58
80,59
79,60
78,61
77,62
76,63
75,64
74,65
73,66
90,50
89,51
88,52
87,53
86,54
85,55
84,56
83,57
82,58
81,59
80,60
79,61
78,62
77,63
76,64
75,65
74,66
73,67
90,51
89,52
88,53
87,54
86,55
85,56
84,57
83,58
82,59
81,60
80,61
79,62
78,63
77,64
76,65
75,66
74,67
91,51
90,52
89,53
88,54
87,55
86,56
85,57
84,58
83,59
82,60
81,61
80,62
79,63
78,64
77,65
76,66
75,67
74,68
91,52
90,53
89,54
88,55
87,56
86,57
85,58
84,59
83,60
82,61
81,62
80,63
79,64
78,65
77,66
76,67
75,68
92,52
91,53
90,54
89,55
88,56
87,57
86,58
85,59
84,60
83,61
82,62
81,63
80,64
79,65
78,66
77,67
76,68
75,69
93,52
92,53
91,54
90,55
89,56
88,57
87,58
86,59
85,60
84,61
83,62
82,63
81,64
80,65
79,66
78,67
77,68
76,69
93,53
92,54
91,55
90,56
89,57
88,58
87,59
86,60
85,61
84,62
83,63
82,64
81,65
80,66
79,67
78,68
77,69
94,53
93,54
92,55
91,56
90,57
89,58
88,59
87,60
86,61
85,62
84,63
83,64
82,65
81,66
80,67
79,68
78,69
94,54
93,55
92,56
91,57
90,58
89,59
88,60
87,61
86,62
85,63
84,64
83,65
82,66
81,67
80,68
79,69
78,70
95,54
94,55
93,56
92,57
91,58
90,59
89,60
88,61
87,62
86,63
85,64
84,65
83,66
82,67
81,68
80,69
79,70
96,54
95,55
94,56
93,57
92,58
91,59
90,60
89,61
88,62
87,63
86,64
85,65
84,66
83,67
82,68
81,69
80,70
79,71
96,55
95,56
94,57
93,58
92,59
91,60
90,61
89,62
88,63
87,64
86,65
85,66
84,67
83,68
82,69
81,70
80,71
97,55
96,56
95,57
94,58
93,59
92,60
91,61
90,62
89,63
88,64
87,65
86,66
85,67
84,68
83,69
82,70
81,71
97,56
96,57
95,58
94,59
93,60
92,61
91,62
90,63
89,64
88,65
87,66
86,67
85,68
84,69
83,70
82,71
81,72
98,56
97,57
96,58
95,59
94,60
93,61
92,62
91,63
90,64
89,65
88,66
87,67
86,68
85,69
84,70
83,71
82,72
98,57
97,58
96,59
95,60
94,61
93,62
92,63
91,64
90,65
89,66
88,67
87,68
86,69
85,70
84,71
83,72
82,73
99,57
98,58
97,59
96,60
95,61
94,62
93,63
92,64
91,65
90,66
89,67
88,68
87,69
86,70
85,71
84,72
83,73
100,57
99,58
98,59
97,60
96,61
95,62
94,63
93,64
92,65
91,66
90,67
89,68
88,69
87,70
86,71
85,72
84,73
83,74
100,58
99,59
98,60
97,61
96,62
95,63
94,64
93,65
92,66
91,67
90,68
89,69
88,70
87,71
86,72
85,73
84,74
101,58
100,59
99,60
98,61
97,62
96,63
95,64
94,65
93,66
92,67
91,68
90,69
89,70
88,71
87,72
86,73
85,74
84,75
101,59
100,60
99,61
98,62
97,63
96,64
95,65
94,66
93,67
92,68
91,69
90,70
89,71
88,72
87,73
86,74
85,75
102,59
101,60
100,61
99,62
98,63
97,64
96,65
95,66
94,67
93,68
92,69
91,70
90,71
89,72
88,73
87,74
86,75
85,76
102,60
101,61
100,62
99,63
98,64
97,65
96,66
95,67
94,68
93,69
92,70
91,71
90,72
89,73
88,74
87,75
86,76
103,60
102,61
101,62
100,63
99,64
98,65
97,66
96,67
95,68
94,69
93,70
92,71
91,72
90,73
89,74
88,75
87,76
86,77
103,61
102,62
101,63
100,64
99,65
98,66
97,67
96,68
95,69
94,70
93,71
92,72
91,73
90,74
89,75
88,76
87,77
104,61
103,62
102,63
101,64
100,65
99,66
98,67
97,68
96,69
95,70
94,71
93,72
92,73
91,74
90,75
89,76
88,77
87,78
104,62
103,63
102,64
101,65
100,66
99,67
98,68
97,69
96,70
95,71
94,72
93,73
92,74
91,75
90,76
89,77
88,78
105,62
104,63
103,64
102,65
101,66
100,67
99,68
98,69
97,70
96,71
95,72
94,73
93,74
92,75
91,76
90,77
89,78
106,62
105,63
104,64
103,65
102,66
101,67
100,68
99,69
98,70
97,71
96,72
95,73
94,74
93,75
92,76
91,77
90,78
89,79
106,63
105,64
104,65
103,66
102,67
101,68
100,69
99,70
98,71
97,72
96,73
95,74
94,75
93,76
92,77
91,78
90,79
107,63
106,64
105,65
104,66
103,67
102,68
101,69
100,70
99,71
98,72
97,73
96,74
95,75
94,76
93,77
92,78
91,79
90,80
107,64
106,65
105,66
104,67
103,68
102,69
101,70
100,71
99,72
98,73
97,74
96,75
95,76
94,77
93,78
92,79
91,80
108,64
107,65
106,66
105,67
104,68
103,69
102,70
101,71
100,72
99,73
98,74
97,75
96,76
95,77
94,78
93,79
92,80
108,65
107,66
106,67
105,68
104,69
103,70
102,71
101,72
100,73
99,74
98,75
97,76
96,77
95,78
94,79
93,80
109,65
108,66
107,67
106,68
105,69
104,70
103,71
102,72
101,73
100,74
99,75
98,76
97,77
96,78
95,79
94,80
109,66
108,67
107,68
106,69
105,70
104,71
103,72
102,73
101,74
100,75
99,76
98,77
97,78
96,79
95,80
110,66
109,67
108,68
107,69
106,70
105,71
104,72
103,73
102,74
101,75
100,76
99,77
98,78
97,79
96,80
95,81
110,67
109,68
108,69
107,70
106,71
105,72
104,73
103,74
102,75
101,76
100,77
99,78
98,79
97,80
96,81
111,67
110,68
109,69
108,70
107,71
106,72
105,73
104,74
103,75
102,76
101,77
100,78
99,79
98,80
97,81
96,82
111,68
110,69
109,70
108,71
107,72
106,73
105,74
104,75
103,76
102,77
101,78
100,79
99,80
98,81
97,82
112,68
111,69
110,70
109,71
108,72
107,73
106,74
105,75
104,76
103,77
102,78
101,79
100,80
99,81
98,82
112,69
111,70
110,71
109,72
108,73
107,74
106,75
105,76
104,77
103,78
102,79
101,80
100,81
99,82
113,69
112,70
111,71
110,72
109,73
108,74
107,75
106,76
105,77
104,78
103,79
102,80
101,81
100,82
113,70
112,71
111,72
110,73
109,74
108,75
107,76
106,77
105,78
104,79
103,80
102,81
101,82
114,70
113,71
112,72
111,73
110,74
109,75
108,76
107,77
106,78
105,79
104,80
103,81
102,82
101,83
115,70
114,71
113,72
112,73
111,74
110,75
109,76
108,77
107,78
106,79
105,80
104,81
103,82
102,83
115,71
114,72
113,73
112,74
111,75
110,76
109,77
108,78
107,79
106,80
105,81
104,82
103,83
102,84
116,71
115,72
114,73
113,74
112,75
111,76
110,77
109,78
108,79
107,80
106,81
105,82
104,83
103,84
117,71
116,72
115,73
114,74
113,75
112,76
111,77
110,78
109,79
108,80
107,81
106,82
105,83
104,84
117,72
116,73
115,74
114,75
113,76
112,77
111,78
110,79
109,80
108,81
107,82
106,83
105,84
118,72
117,73
116,74
115,75
114,76
113,77
112,78
111,79
110,80
109,81
108,82
107,83
106,84
118,73
117,74
116,75
115,76
114,77
113,78
112,79
111,80
110,81
109,82
108,83
107,84
106,85
119,73
118,74
117,75
116,76
115,77
114,78
113,79
112,80
111,81
110,82
109,83
108,84
107,85
120,73
119,74
118,75
117,76
116,77
115,78
114,79
113,80
112,81
111,82
110,83
109,84
108,85
107,86
121,73
120,74
119,75
118,76
117,77
116,78
115,79
114,80
113,81
112,82
111,83
110,84
109,85
108,86
121,74
120,75
119,76
118,77
117,78
116,79
115,80
114,81
113,82
112,83
111,84
110,85
109,86
122,74
121,75
120,76
119,77
118,78
117,79
116,80
115,81
114,82
113,83
112,84
111,85
110,86
123,74
122,75
121,76
120,77
119,78
118,79
117,80
116,81
115,82
114,83
113,84
112,85
111,86
110,87
123,75
122,76
121,77
120,78
119,79
118,80
117,81
116,82
115,83
114,84
113,85
112,86
111,87
124,75
123,76
122,77
121,78
120,79
119,80
118,81
117,82
116,83
115,84
114,85
113,86
112,87
124,76
123,77
122,78
121,79
120,80
119,81
118,82
117,83
116,84
115,85
114,86
113,87
125,76
124,77
123,78
122,79
121,80
120,81
119,82
118,83
117,84
116,85
115,86
114,87
113,88
126,76
125,77
124,78
123,79
122,80
121,81
120,82
119,83
118,84
117,85
116,86
115,87
114,88
127,76
126,77
125,78
124,79
123,80
122,81
121,82
120,83
119,84
118,85
117,86
116,87
115,88
127,77
126,78
125,79
124,80
123,81
122,82
121,83
120,84
119,85
118,86
117,87
116,88
128,77
127,78
126,79
125,80
124,81
123,82
122,83
121,84
120,85
119,86
118,87
117,88
116,89
128,78
127,79
126,80
125,81
124,82
123,83
122,84
121,85
120,86
119,87
118,88
117,89
129,78
128,79
127,80
126,81
125,82
124,83
123,84
122,85
121,86
120,87
119,88
118,89
130,78
129,79
128,80
127,81
126,82
125,83
124,84
123,85
122,86
121,87
120,88
119,89
118,90
130,79
129,80
128,81
127,82
126,83
125,84
124,85
123,86
122,87
121,88
120,89
119,90
131,79
130,80
129,81
128,82
127,83
126,84
125,85
124,86
123,87
122,88
121,89
120,90
131,80
130,81
129,82
128,83
127,84
126,85
125,86
124,87
123,88
122,89
121,90
120,91
132,80
131,81
130,82
129,83
128,84
127,85
126,86
125,87
124,88
123,89
122,90
121,91
133,80
132,81
131,82
130,83
129,84
128,85
127,86
126,87
125,88
124,89
123,90
122,91
134,80
133,81
132,82
131,83
130,84
129,85
128,86
127,87
126,88
125,89
124,90
123,91
135,80
134,81
133,82
132,83
131,84
130,85
129,86
128,87
127,88
126,89
125,90
124,91
123,92
136,80
135,81
134,82
133,83
132,84
131,85
130,86
129,87
128,88
127,89
126,90
125,91
124,92
136,81
135,82
134,83
133,84
132,85
131,86
130,87
129,88
128,89
127,90
126,91
125,92
137,81
136,82
135,83
134,84
133,85
132,86
131,87
130,88
129,89
128,90
127,91
126,92
137,82
136,83
135,84
134,85
133,86
132,87
131,88
130,89
129,90
128,91
127,92
126,93
138,82
137,83
136,84
135,85
134,86
133,87
132,88
131,89
130,90
129,91
128,92
127,93
138,83
137,84
136,85
135,86
134,87
133,88
132,89
131,90
130,91
129,92
128,93
127,94
139,83
138,84
137,85
136,86
135,87
134,88
133,89
132,90
131,91
130,92
129,93
128,94
140,83
139,84
138,85
137,86
136,87
135,88
134,89
133,90
132,91
131,92
130,93
129,94
128,95
141,83
140,84
139,85
138,86
137,87
136,88
135,89
134,90
133,91
132,92
131,93
130,94
129,95
141,84
140,85
139,86
138,87
137,88
136,89
135,90
134,91
133,92
132,93
131,94
130,95
142,84
141,85
140,86
139,87
138,88
137,89
136,90
135,91
134,92
133,93
132,94
131,95
143,84
142,85
141,86
140,87
139,88
138,89
137,90
136,91
135,92
134,93
133,94
132,95
143,85
142,86
141,87
140,88
139,89
138,90
137,91
136,92
135,93
134,94
133,95
144,85
143,86
142,87
141,88
140,89
139,90
138,91
137,92
136,93
135,94
134,95
144,86
143,87
142,88
141,89
140,90
139,91
138,92
137,93
136,94
135,95
145,86
144,87
143,88
142,89
141,90
140,91
139,92
138,93
137,94
136,95
135,96
145,87
144,88
143,89
142,90
141,91
140,92
139,93
138,94
137,95
136,96
146,87
145,88
144,89
143,90
142,91
141,92
140,93
139,94
138,95
137,96
136,97
146,88
145,89
144,90
143,91
142,92
141,93
140,94
139,95
138,96
137,97
147,88
146,89
145,90
144,91
143,92
142,93
141,94
140,95
139,96
138,97
147,89
146,90
145,91
144,92
143,93
142,94
141,95
140,96
139,97
148,89
147,90
146,91
145,92
144,93
143,94
142,95
141,96
140,97
139,98
148,90
147,91
146,92
145,93
144,94
143,95
142,96
141,97
140,98
149,90
148,91
147,92
146,93
145,94
144,95
143,96
142,97
141,98
140,99
149,91
148,92
147,93
146,94
145,95
144,96
143,97
142,98
141,99
150,91
149,92
148,93
147,94
146,95
145,96
144,97
143,98
142,99
141,100
150,92
149,93
148,94
147,95
146,96
145,97
144,98
143,99
142,100
151,92
150,93
149,94
148,95
147,96
146,97
145,98
144,99
143,100
151,93
150,94
149,95
148,96
147,97
146,98
145,99
144,100
143,101
152,93
151,94
150,95
149,96
148,97
147,98
146,99
145,100
144,101
152,94
151,95
150,96
149,97
148,98
147,99
146,100
145,101
153,94
152,95
151,96
150,97
149,98
148,99
147,100
146,101
153,95
152,96
151,97
150,98
149,99
148,100
147,101
146,102
154,95
153,96
152,97
151,98
150,99
149,100
148,101
147,102
154,96
153,97
152,98
151,99
150,100
149,101
148,102
155,96
154,97
153,98
152,99
151,100
150,101
149,102
148,103
156,96
155,97
154,98
153,99
152,100
151,101
150,102
149,103
156,97
155,98
154,99
153,100
152,101
151,102
150,103
149,104
157,97
156,98
155,99
154,100
153,101
152,102
151,103
150,104
157,98
156,99
155,100
154,101
153,102
152,103
151,104
150,105
158,98
157,99
156,100
155,101
154,102
153,103
152,104
151,105
158,99
157,100
156,101
155,102
154,103
153,104
152,105
159,99
158,100
157,101
156,102
155,103
154,104
153,105
152,106
159,100
158,101
157,102
156,103
155,104
154,105
153,106
160,100
159,101
158,102
157,103
156,104
155,105
154,106
153,107
160,101
159,102
158,103
157,104
156,105
155,106
154,107
161,101
160,102
159,103
158,104
157,105
156,106
155,107
161,102
160,103
159,104
158,105
157,106
156,107
155,108
162,102
161,103
160,104
159,105
158,106
157,107
156,108
162,103
161,104
160,105
159,106
158,107
157,108
156,109
163,103
162,104
161,105
160,106
159,107
158,108
157,109
163,104
162,105
161,106
160,107
159,108
158,109
157,110
164,104
163,105
162,106
161,107
160,108
159,109
158,110
164,105
163,106
162,107
161,108
160,109
159,110
165,105
164,106
163,107
162,108
161,109
160,110
165,106
164,107
163,108
162,109
161,110
166,106
165,107
164,108
163,109
162,110
161,111
167,106
166,107
165,108
164,109
163,110
162,111
167,107
166,108
165,109
164,110
163,111
168,107
167,108
166,109
165,110
164,111
169,107
168,108
167,109
166,110
165,111
164,112
170,107
169,108
168,109
167,110
166,111
165,112
171,107
170,108
169,109
168,110
167,111
166,112
165,113
171,108
170,109
169,110
168,111
167,112
166,113
172,108
171,109
170,110
169,111
168,112
167,113
172,109
171,110
170,111
169,112
168,113
173,109
172,110
171,111
170,112
169,113
173,110
172,111
171,112
170,113
174,110
173,111
172,112
171,113
170,114
174,111
173,112
172,113
171,114
175,111
174,112
173,113
172,114
175,112
174,113
173,114
172,115
176,112
175,113
174,114
173,115
176,113
175,114
174,115
173,116
177,113
176,114
175,115
174,116
177,114
176,115
175,116
174,117
177,115
176,116
175,117
177,116
176,117
175,118
177,117
176,118
177,118
